best_pattern,boxes_involved,evidence_tags,family_id,final_prob,funnel_precol1,lockscore_prob,mode,rank,score,score_baseline,score_v2,state,steps_summary,variant,vt_only_lane
224,30,"exact,vtrac,drop_exact,drop_vtrac,family_exact,family_vtrac",224,0.4991666674382707,1,1.0,combined,1,19.077143,0.9961848001913324,19.077143,PuertoRico4,exact:1;vtrac:1;drop_exact:1;drop_vtrac:1;family_exact:1;family_vtrac:1,Combined,0
244,6,"exact,vtrac,drop_exact,drop_vtrac,family_exact,family_vtrac",244,0.5613558846263439,0,1.0,combined,2,18.177143,0.9928840542789424,18.177143,PuertoRico4,exact:1;vtrac:1;drop_exact:1;drop_vtrac:1;family_exact:1;family_vtrac:1,Combined,0
224,30,"exact,vtrac,drop_exact,drop_vtrac,family_exact,family_vtrac",224,0.5241478655622194,1,1.0,own,3,14.277143,0.9873889054253283,14.277143,PuertoRico4,exact:1;vtrac:1;drop_exact:1;drop_vtrac:1;family_exact:1;family_vtrac:1,Combined,0
924,12,"exact,vtrac,drop_exact,drop_vtrac,family_exact,family_vtrac",249,0.5116645498437119,0,1.0,combined,4,13.677143,0.9677141892505896,13.677143,PuertoRico4,exact:1;vtrac:1;drop_exact:1;drop_vtrac:1;family_exact:1;family_vtrac:1,Combined,0
244,6,"exact,vtrac,drop_exact,drop_vtrac,family_exact,family_vtrac",244,0.5858090215649849,0,1.0,own,5,13.377143,0.9765676601183906,13.377143,PuertoRico4,exact:1;vtrac:1;drop_exact:1;drop_vtrac:1;family_exact:1;family_vtrac:1,Combined,0
924,60,"exact,vtrac,drop_exact,drop_vtrac,family_exact,family_vtrac",249,0.5490088057588589,1,1.0,own,6,13.277143,0.9860718216444758,13.277143,PuertoRico4,exact:1;vtrac:1;drop_exact:1;drop_vtrac:1;family_exact:1;family_vtrac:1,Evening,0
224,18,"exact,vtrac,drop_exact,drop_vtrac,family_exact,family_vtrac",224,0.5116645498437119,0,1.0,combined,7,12.827143,0.9870717177321973,12.827143,PuertoRico4,exact:1;vtrac:1;drop_exact:1;drop_vtrac:1;family_exact:1;family_vtrac:1,Midday,0
224,18,"exact,vtrac,drop_exact,drop_vtrac,family_exact,family_vtrac",224,0.5241478655622194,0,1.0,combined,8,12.377143,0.9838359827493492,12.377143,PuertoRico4,exact:1;vtrac:1;drop_exact:1;drop_vtrac:1;family_exact:1;family_vtrac:1,Evening,0
992,24,"exact,vtrac,drop_exact,drop_vtrac,family_exact,family_vtrac",299,0.5918616423862878,0,1.0,own,9,12.087143,0.9599285819327407,12.087143,PuertoRico4,exact:1;vtrac:1;drop_exact:1;drop_vtrac:1;family_exact:1;family_vtrac:1,Evening,0
244,12,"exact,vtrac,drop_exact,drop_vtrac,family_exact,family_vtrac",244,0.5116645498437119,0,1.0,combined,10,12.077143,0.9812446222746463,12.077143,PuertoRico4,exact:1;vtrac:1;drop_exact:1;drop_vtrac:1;family_exact:1;family_vtrac:1,Evening,0
922,18,"exact,vtrac,drop_exact,drop_vtrac,family_exact,family_vtrac",229,0.6030273673488417,0,1.0,own,11,11.958571,0.964924777942195,11.958571,PuertoRico4,exact:1;vtrac:1;drop_exact:1;drop_vtrac:1;family_exact:1;family_vtrac:1,Evening,0
924,60,"exact,vtrac,drop_exact,drop_vtrac,family_exact,family_vtrac",249,0.5241478655622194,1,1.0,combined,12,11.877143,0.9792925249378165,11.877143,PuertoRico4,exact:1;vtrac:1;drop_exact:1;drop_vtrac:1;family_exact:1;family_vtrac:1,Evening,0
224,18,"exact,vtrac,drop_exact,drop_vtrac,family_exact,family_vtrac",224,0.5465316309986,0,1.0,own,13,11.577143,0.9707416436590314,11.577143,PuertoRico4,exact:1;vtrac:1;drop_exact:1;drop_vtrac:1;family_exact:1;family_vtrac:1,Evening,0
224,18,"exact,vtrac,drop_exact,drop_vtrac,family_exact,family_vtrac",224,0.5316243949817686,0,1.0,own,14,11.527143,0.9728270272003616,11.527143,PuertoRico4,exact:1;vtrac:1;drop_exact:1;drop_vtrac:1;family_exact:1;family_vtrac:1,Midday,0
244,12,"exact,vtrac,drop_exact,drop_vtrac,family_exact,family_vtrac",244,0.5366010793535907,0,1.0,own,15,11.077143,0.9660869289795984,11.077143,PuertoRico4,exact:1;vtrac:1;drop_exact:1;drop_vtrac:1;family_exact:1;family_vtrac:1,Evening,0
924,12,"exact,vtrac,drop_exact,drop_vtrac,family_exact,family_vtrac",249,0.5366010793535907,0,1.0,own,16,10.877143,0.9607064601046226,10.877143,PuertoRico4,exact:1;vtrac:1;drop_exact:1;drop_vtrac:1;family_exact:1;family_vtrac:1,Combined,0
240,42,"exact,vtrac,drop_exact,drop_vtrac,family_exact,family_vtrac",024,0.6410674063348171,0,1.0,combined,17,10.727143,0.9787738762076721,10.727143,PuertoRico4,exact:1;vtrac:1;drop_exact:1;drop_vtrac:1;family_exact:1;family_vtrac:1,Combined,0
922,30,"exact,vtrac,drop_exact,drop_vtrac,family_exact,family_vtrac",229,0.5613558846263439,1,1.0,combined,18,10.377143,0.9652433350320649,10.377143,PuertoRico4,exact:1;vtrac:1;drop_exact:1;drop_vtrac:1;family_exact:1;family_vtrac:1,Combined,0
240,42,"exact,vtrac,drop_exact,drop_vtrac,family_exact,family_vtrac",024,0.6637386974043528,0,1.0,own,19,9.927143,0.9741351301220716,9.927143,PuertoRico4,exact:1;vtrac:1;drop_exact:1;drop_vtrac:1;family_exact:1;family_vtrac:1,Combined,0
922,30,"exact,vtrac,drop_exact,drop_vtrac,family_exact,family_vtrac",229,0.5858090215649849,1,1.0,own,20,9.677143,0.9460237850730043,9.677143,PuertoRico4,exact:1;vtrac:1;drop_exact:1;drop_vtrac:1;family_exact:1;family_vtrac:1,Combined,0
522,36,"exact,vtrac,drop_exact,drop_vtrac,family_exact,family_vtrac",225,0.5922641830607915,1,1.0,own,21,9.627143,0.9625869800912907,9.627143,PuertoRico4,exact:1;vtrac:1;drop_exact:1;drop_vtrac:1;family_exact:1;family_vtrac:1,Midday,0
992,24,"exact,vtrac,drop_exact,drop_vtrac,family_exact,family_vtrac",299,0.5736274542763555,0,1.0,combined,22,9.627143,0.9390559334707116,9.627143,PuertoRico4,exact:1;vtrac:1;drop_exact:1;drop_vtrac:1;family_exact:1;family_vtrac:1,Evening,0
922,18,"exact,vtrac,drop_exact,drop_vtrac,family_exact,family_vtrac",229,0.5858090215649849,0,1.0,combined,23,9.627143,0.9498260756930403,9.627143,PuertoRico4,exact:1;vtrac:1;drop_exact:1;drop_vtrac:1;family_exact:1;family_vtrac:1,Evening,0
924,18,"exact,vtrac,drop_exact,drop_vtrac,family_exact,family_vtrac",249,0.5736274542763555,0,1.0,combined,24,9.477143,0.920531764576771,9.477143,PuertoRico4,exact:1;vtrac:1;drop_exact:1;drop_vtrac:1;family_exact:1;family_vtrac:1,Midday,0
522,36,"exact,vtrac,drop_exact,drop_vtrac,family_exact,family_vtrac",225,0.5679110497092322,1,1.0,combined,25,9.277143,0.966910392445867,9.277143,PuertoRico4,exact:1;vtrac:1;drop_exact:1;drop_vtrac:1;family_exact:1;family_vtrac:1,Midday,0
940,30,"exact,vtrac,drop_exact,drop_vtrac,family_exact,family_vtrac",049,0.5572478545985555,0,1.0,combined,26,8.827143,0.9634938499173732,8.827143,PuertoRico4,exact:1;vtrac:1;drop_exact:1;drop_vtrac:1;family_exact:1;family_vtrac:1,Midday,0
940,30,"exact,vtrac,drop_exact,drop_vtrac,family_exact,family_vtrac",049,0.5749856674285665,0,1.0,own,27,8.764921,0.9623619607998072,8.764921,PuertoRico4,exact:1;vtrac:1;drop_exact:1;drop_vtrac:1;family_exact:1;family_vtrac:1,Midday,0
003,12,"exact,vtrac,family_exact,family_vtrac",003,0.6403000462574495,0,1.0,own,28,8.714643,0.9098882977836951,8.714643,PuertoRico4,exact:1;vtrac:1;drop_exact:-1;drop_vtrac:-1;family_exact:1;family_vtrac:1,Midday,0
552,30,"exact,vtrac,drop_exact,drop_vtrac,family_exact,family_vtrac",255,0.5617662349947086,0,1.0,own,29,8.487143,0.9524472851171416,8.487143,PuertoRico4,exact:1;vtrac:1;drop_exact:1;drop_vtrac:1;family_exact:1;family_vtrac:1,Combined,0
922,6,"exact,vtrac,drop_exact,drop_vtrac,family_exact,family_vtrac",229,0.5858090215649849,0,1.0,combined,30,8.377143,0.9242607043197805,8.377143,PuertoRico4,exact:1;vtrac:1;drop_exact:1;drop_vtrac:1;family_exact:1;family_vtrac:1,Midday,0
552,30,"exact,vtrac,drop_exact,drop_vtrac,family_exact,family_vtrac",255,0.5432251644818576,0,1.0,combined,31,8.327143,0.9533669369540613,8.327143,PuertoRico4,exact:1;vtrac:1;drop_exact:1;drop_vtrac:1;family_exact:1;family_vtrac:1,Combined,0
924,18,"exact,vtrac,drop_exact,drop_vtrac,family_exact,family_vtrac",249,0.5948776578968527,0,1.0,own,32,8.277143,0.9082609959414665,8.277143,PuertoRico4,exact:1;vtrac:1;drop_exact:1;drop_vtrac:1;family_exact:1;family_vtrac:1,Midday,0
013,12,"exact,vtrac,family_exact,family_vtrac",013,0.7033566124198648,0,1.0,own,33,8.234643,0.8868286826846208,8.234643,PuertoRico4,exact:1;vtrac:1;drop_exact:-1;drop_vtrac:-1;family_exact:1;family_vtrac:1,Midday,0
922,6,"exact,vtrac,drop_exact,drop_vtrac,family_exact,family_vtrac",229,0.6038819996942051,0,1.0,own,34,8.137143,0.9264167831884397,8.137143,PuertoRico4,exact:1;vtrac:1;drop_exact:1;drop_vtrac:1;family_exact:1;family_vtrac:1,Midday,1
524,12,"exact,vtrac,drop_exact,drop_vtrac,family_exact,family_vtrac",245,0.679178699175393,0,1.0,combined,35,7.897143,0.9174225103797897,7.897143,PuertoRico4,exact:1;vtrac:1;drop_exact:1;drop_vtrac:1;family_exact:1;family_vtrac:1,Combined,0
592,12,"exact,vtrac,drop_exact,drop_vtrac,family_exact,family_vtrac",259,0.6022861768886306,0,1.0,own,36,7.827143,0.912539503662029,7.827143,PuertoRico4,exact:1;vtrac:1;drop_exact:1;drop_vtrac:1;family_exact:1;family_vtrac:1,Evening,1
522,6,"exact,vtrac,drop_exact,drop_vtrac,family_exact,family_vtrac",225,0.5760714244567121,0,1.0,own,37,7.827143,0.9446951553543537,7.827143,PuertoRico4,exact:1;vtrac:1;drop_exact:1;drop_vtrac:1;family_exact:1;family_vtrac:1,Combined,0
522,6,"exact,vtrac,drop_exact,drop_vtrac,family_exact,family_vtrac",225,0.5514835536611825,0,1.0,combined,38,7.827143,0.9446951553543537,7.827143,PuertoRico4,exact:1;vtrac:1;drop_exact:1;drop_vtrac:1;family_exact:1;family_vtrac:1,Combined,0
552,12,"exact,vtrac,drop_exact,drop_vtrac,family_exact,family_vtrac",255,0.522862833709166,0,1.0,own,39,7.782597,0.9262555317466343,7.782597,PuertoRico4,exact:1;vtrac:1;drop_exact:1;drop_vtrac:1;family_exact:1;family_vtrac:1,Evening,1
524,12,"exact,vtrac,drop_exact,drop_vtrac,family_exact,family_vtrac",245,0.700567142473973,0,1.0,own,40,7.747143,0.9267703434510203,7.747143,PuertoRico4,exact:1;vtrac:1;drop_exact:1;drop_vtrac:1;family_exact:1;family_vtrac:1,Combined,0
522,18,"exact,vtrac,drop_exact,drop_vtrac,family_exact,family_vtrac",225,0.5099986668799655,0,1.0,own,41,7.570476,0.9183412097210042,7.570476,PuertoRico4,exact:1;vtrac:1;drop_exact:1;drop_vtrac:1;family_exact:1;family_vtrac:1,Evening,1
522,18,"exact,vtrac,drop_exact,drop_vtrac,family_exact,family_vtrac",225,0.4933337283669705,0,1.0,combined,42,7.527143,0.9460237850730043,7.527143,PuertoRico4,exact:1;vtrac:1;drop_exact:1;drop_vtrac:1;family_exact:1;family_vtrac:1,Evening,0
552,12,"exact,vtrac,drop_exact,drop_vtrac,family_exact,family_vtrac",255,0.505833068687248,0,1.0,combined,43,7.477143,0.9446951553543537,7.477143,PuertoRico4,exact:1;vtrac:1;drop_exact:1;drop_vtrac:1;family_exact:1;family_vtrac:1,Evening,0
592,12,"exact,vtrac,drop_exact,drop_vtrac,family_exact,family_vtrac",259,0.5866175789173301,0,1.0,combined,44,7.397143,0.94250300814692,7.397143,PuertoRico4,exact:1;vtrac:1;drop_exact:1;drop_vtrac:1;family_exact:1;family_vtrac:1,Evening,0
003,12,"exact,vtrac,family_exact,family_vtrac",003,0.6169604483124169,0,1.0,combined,45,7.314643,0.9098882977836951,7.314643,PuertoRico4,exact:1;vtrac:1;drop_exact:-1;drop_vtrac:-1;family_exact:1;family_vtrac:1,Midday,0
599,6,"exact,vtrac,drop_exact,drop_vtrac,family_exact,family_vtrac",599,0.5726080638632601,0,1.0,own,46,7.287143,0.8869620680407581,7.287143,PuertoRico4,exact:1;vtrac:1;drop_exact:1;drop_vtrac:1;family_exact:1;family_vtrac:1,Evening,1
401,18,"exact,vtrac,drop_exact,drop_vtrac,family_exact,family_vtrac",014,0.6098464124263923,0,1.0,own,47,7.19381,0.936545220582234,7.19381,PuertoRico4,exact:1;vtrac:1;drop_exact:1;drop_vtrac:1;family_exact:1;family_vtrac:1,Midday,0
401,18,"exact,vtrac,drop_exact,drop_vtrac,family_exact,family_vtrac",014,0.5858090215649849,0,1.0,combined,48,7.19381,0.936545220582234,7.19381,PuertoRico4,exact:1;vtrac:1;drop_exact:1;drop_vtrac:1;family_exact:1;family_vtrac:1,Midday,0
559,6,"exact,vtrac,drop_exact,drop_vtrac,family_exact,family_vtrac",559,0.5730450215014574,0,1.0,own,49,7.051429,0.8737156796334743,7.051429,PuertoRico4,exact:1;vtrac:1;drop_exact:1;drop_vtrac:1;family_exact:1;family_vtrac:1,Evening,1
559,6,"exact,vtrac,drop_exact,drop_vtrac,family_exact,family_vtrac",559,0.5484192178660615,0,1.0,combined,50,6.851429,0.9002565560880933,6.851429,PuertoRico4,exact:1;vtrac:1;drop_exact:1;drop_vtrac:1;family_exact:1;family_vtrac:1,Evening,0
400,12,"exact,vtrac,drop_exact,drop_vtrac,family_exact,family_vtrac",004,0.4950001666600003,0,1.0,combined,51,6.84381,0.9248656301576784,6.84381,PuertoRico4,exact:1;vtrac:1;drop_exact:1;drop_vtrac:1;family_exact:1;family_vtrac:1,Midday,0
013,12,"exact,vtrac,family_exact,family_vtrac",013,0.6820769986408673,0,1.0,combined,52,6.834643,0.8868286826846208,6.834643,PuertoRico4,exact:1;vtrac:1;drop_exact:-1;drop_vtrac:-1;family_exact:1;family_vtrac:1,Midday,0
201,6,"exact,vtrac,drop_exact,drop_vtrac,family_exact,family_vtrac",012,0.6592603884513855,0,1.0,own,53,6.797143,0.9091323414508223,6.797143,PuertoRico4,exact:1;vtrac:1;drop_exact:1;drop_vtrac:1;family_exact:1;family_vtrac:1,Midday,0
201,6,"exact,vtrac,drop_exact,drop_vtrac,family_exact,family_vtrac",012,0.6364525402815664,0,1.0,combined,54,6.797143,0.9091323414508223,6.797143,PuertoRico4,exact:1;vtrac:1;drop_exact:1;drop_vtrac:1;family_exact:1;family_vtrac:1,Midday,0
559,18,"exact,vtrac,drop_exact,drop_vtrac,family_exact,family_vtrac",559,0.5728861409679066,0,1.0,own,55,6.796234,0.9231264365947145,6.796234,PuertoRico4,exact:1;vtrac:1;drop_exact:1;drop_vtrac:1;family_exact:1;family_vtrac:1,Midday,0
559,18,"exact,vtrac,drop_exact,drop_vtrac,family_exact,family_vtrac",559,0.5482583975040908,0,1.0,combined,56,6.796234,0.9231264365947145,6.796234,PuertoRico4,exact:1;vtrac:1;drop_exact:1;drop_vtrac:1;family_exact:1;family_vtrac:1,Midday,0
400,12,"exact,vtrac,drop_exact,drop_vtrac,family_exact,family_vtrac",004,0.5128543097872166,0,1.0,own,57,6.775238,0.9223466781945028,6.775238,PuertoRico4,exact:1;vtrac:1;drop_exact:1;drop_vtrac:1;family_exact:1;family_vtrac:1,Midday,0
592,6,"exact,vtrac,drop_exact,drop_vtrac,family_exact,family_vtrac",259,0.6570104626734988,0,1.0,own,58,6.747143,0.9069390509705371,6.747143,PuertoRico4,exact:1;vtrac:1;drop_exact:1;drop_vtrac:1;family_exact:1;family_vtrac:1,Combined,0
592,6,"exact,vtrac,drop_exact,drop_vtrac,family_exact,family_vtrac",259,0.6341355910108007,0,1.0,combined,59,6.747143,0.9069390509705371,6.747143,PuertoRico4,exact:1;vtrac:1;drop_exact:1;drop_vtrac:1;family_exact:1;family_vtrac:1,Combined,0
599,6,"exact,vtrac,drop_exact,drop_vtrac,family_exact,family_vtrac",599,0.5479769376367963,0,1.0,combined,60,6.737143,0.9209124408980941,6.737143,PuertoRico4,exact:1;vtrac:1;drop_exact:1;drop_vtrac:1;family_exact:1;family_vtrac:1,Evening,0
559,6,"exact,vtrac,drop_exact,drop_vtrac,family_exact,family_vtrac",559,0.560609578392284,0,1.0,own,61,6.496234,0.9023583468831575,6.496234,PuertoRico4,exact:1;vtrac:1;drop_exact:1;drop_vtrac:1;family_exact:1;family_vtrac:1,Combined,0
559,6,"exact,vtrac,drop_exact,drop_vtrac,family_exact,family_vtrac",559,0.5358474801013684,0,1.0,combined,62,6.496234,0.9023583468831575,6.496234,PuertoRico4,exact:1;vtrac:1;drop_exact:1;drop_vtrac:1;family_exact:1;family_vtrac:1,Combined,0
599,6,"exact,vtrac,drop_exact,drop_vtrac,family_exact,family_vtrac",599,0.5603296426885532,0,1.0,own,63,6.337143,0.9042406203001623,6.337143,PuertoRico4,exact:1;vtrac:1;drop_exact:1;drop_vtrac:1;family_exact:1;family_vtrac:1,Combined,0
599,6,"exact,vtrac,drop_exact,drop_vtrac,family_exact,family_vtrac",599,0.5355648379838539,0,1.0,combined,64,6.337143,0.9042406203001623,6.337143,PuertoRico4,exact:1;vtrac:1;drop_exact:1;drop_vtrac:1;family_exact:1;family_vtrac:1,Combined,0
