section,Set,Draw,Column,family_id,rows_cov,perm_count_in_box,repeat_extras_in_box,horizontal_persistence_repeat,hot_density,any_straight2,any_straight3,any_consensus,any_dom_last,any_doubles_support,any_vtrac_straight,any_hidden3v,max_persistence_set,max_persistence_draw,persistence_set_count,persistence_draw_run,hidden3v_hits,hot1_count,hot2_count,consensus_hits,top_canonicals,top_modal_orders,fam_cov,fam_hpr,fam_perm,fam_repeat,fam_cons,fam_hot,fam_straight2,fam_straight3,fam_doubles,fam_vtrac,fam_hidden,fam_double_mirror,fam_persistence,fam_section_bonus,fam_progression_bonus,fam_last_remaining_bonus,family_score,best_compound_score,section_count,progression_flag,last_remaining_3v,winner_literal_midday,winner_literal_evening,is_exact_boxed,is_vtrac_boxed,is_exact_straight
Combined,Set1,Draw1,7,24,3,2,0.0,4,0.0,False,False,False,False,False,False,True,3,7,3,7,26,0,0,0,689:1;34468:1;189:1,968:1;68344:1;198:1,6,4,1,0.0,0,0,0,0,0,0,0.5,0,10,4,1,0.0,26.5,51.0,3,True,False,958,314,True,True,True
Combined,Set1,Draw5,3,24,3,2,0.0,3,0.0,False,False,False,False,False,True,True,3,7,3,7,17,0,0,0,113389:1;36889:1;189:1,911338:1;96883:1;198:1,6,3,1,0.0,0,0,0,0,0,1,0.5,0,10,4,0,0.0,25.5,51.0,3,False,False,958,314,True,True,True
Combined,Set1,Draw4,3,24,3,2,0.0,3,0.0,False,False,False,False,False,True,True,3,7,3,7,9,0,0,0,1389:1;36889:1;189:1,9138:1;96883:1;198:1,6,3,1,0.0,0,0,0,0,0,1,0.5,0,10,4,0,0.0,25.5,51.0,3,False,False,958,314,True,True,True
Combined,Set1,Draw1,4,24,3,2,0.0,4,1.0,False,False,False,False,False,False,True,3,7,3,7,3,3,0,0,189:1;689:1;1689:1,918:1;968:1;9186:1,6,4,1,0.0,0,1,0,0,0,0,0.5,0,10,1,0,0.0,23.5,51.0,2,False,False,958,314,True,True,True
Combined,Set1,Draw1,5,24,3,2,0.0,4,1.0,False,False,False,False,False,False,True,3,7,3,7,3,3,0,0,189:1;689:1;1689:1,918:1;968:1;9186:1,6,4,1,0.0,0,1,0,0,0,0,0.5,0,10,1,0,0.0,23.5,51.0,2,False,False,958,314,True,True,True
Combined,Set1,Draw4,2,24,3,2,0.0,3,1.0,False,False,False,False,False,True,True,3,7,3,7,6,0,6,0,1389:1;189:1;689:1,9138:1;198:1;968:1,6,3,1,0.0,0,1,0,0,0,1,0.5,0,10,1,0,0.0,23.5,51.0,2,False,False,958,314,True,True,True
Combined,Set1,Draw5,2,24,3,2,0.0,3,1.0,False,False,False,False,False,True,True,3,7,3,7,13,0,13,0,1389:1;189:1;113389:1,1983:1;198:1;911338:1,6,3,1,0.0,0,1,0,0,0,1,0.5,0,10,1,0,0.0,23.5,51.0,2,False,False,958,314,True,True,True
Combined,Set2,Draw1,6,14,4,3,0.0,4,0.0,False,False,False,False,False,False,False,3,1,3,1,0,0,0,0,3445589:1;344589:1;344559:1,5594438:1;594438:1;559443:1,8,4,2,0.0,0,0,0,0,0,0,0.0,0,4,4,1,0.0,23.0,46.5,3,True,False,958,314,True,True,True
Midday,Set1,Draw1,4,24,3,3,0.0,5,1.0,False,False,False,False,False,False,False,3,4,3,4,0,6,0,0,113488:1;1134:1;11348:1,411388:1;4113:1;41138:1,6,5,2,0.0,0,1,0,0,0,0,0.0,0,7,1,1,0.0,23.0,51.0,2,True,False,958,314,True,True,True
Midday,Set1,Draw1,3,24,3,3,0.0,5,1.0,False,False,False,False,False,True,False,3,4,3,4,0,0,4,0,11348:1;1134:1;1348:1,41138:1;4113:1;8341:1,6,5,2,0.0,0,1,0,0,0,1,0.0,0,7,0,1,0.0,23.0,51.0,1,True,False,958,314,True,True,True
Combined,Set1,Draw6,2,24,2,2,0.0,2,0.0,False,False,False,False,False,True,True,3,7,3,7,11,0,0,0,1389:1;3689:1;113389:1,1983:1;9683:1;119833:1,4,2,1,0.0,0,0,0,0,0,1,0.5,0,10,4,0,0.0,22.5,51.0,3,False,False,958,314,True,True,True
Combined,Set1,Draw2,4,24,3,2,0.0,3,1.0,False,False,False,False,False,False,True,3,7,3,7,6,6,0,0,1389:1;3689:1;13689:1,9138:1;9683:1;91386:1,6,3,1,0.0,0,1,0,0,0,0,0.5,0,10,1,0,0.0,22.5,51.0,2,False,False,958,314,True,True,True
Combined,Set1,Draw1,6,24,3,2,0.0,4,0.0,False,False,False,False,False,False,True,3,7,3,7,14,0,0,0,689:1;189:1;144689:1,968:1;198:1;944186:1,6,4,1,0.0,0,0,0,0,0,0,0.5,0,10,1,0,0.0,22.5,51.0,2,False,False,958,314,True,True,True
Combined,Set1,Draw5,1,14,3,2,0.0,3,1.0,False,False,False,False,False,True,False,3,7,3,7,0,0,5,0,359:1;3589:1;3359:1,593:1;5983:1;5933:1,6,3,1,0.0,0,1,0,0,0,1,0.0,0,10,0,0,0.0,22.0,46.5,1,False,False,958,314,True,True,True
Midday,Set1,Draw2,4,14,3,2,0.0,2,1.0,False,False,False,False,False,False,False,3,5,3,5,0,3,0,0,34588:1;345:1;3458:1,58834:1;534:1;8345:1,6,2,1,0.0,0,1,0,0,0,0,0.0,0,8,4,0,0.0,22.0,46.5,3,False,False,958,314,True,True,True
Midday,Set1,Draw4,3,14,3,2,0.0,2,0.0,False,False,False,False,False,True,False,3,5,3,5,0,0,0,0,3458:1;345:1;3455:1,5834:1;534:1;5534:1,6,2,1,0.0,0,0,0,0,0,1,0.0,0,8,4,0,0.0,22.0,46.5,3,False,False,958,314,True,True,True
Combined,Set1,Draw2,5,24,3,2,0.0,3,0.0,False,False,False,False,False,False,True,3,7,3,7,6,0,0,0,1389:1;3689:1;13689:1,9138:1;9683:1;91386:1,6,3,1,0.0,0,0,0,0,0,0,0.5,0,10,1,0,0.0,21.5,51.0,2,False,False,958,314,True,True,True
Combined,Set1,Draw4,1,24,4,4,0.0,3,1.0,False,False,False,True,False,False,True,1,7,1,7,3,0,3,0,1389:1;189:1;139:1,9138:1;819:1;913:1,8,3,3,0.0,0,1,0,0,0,0,0.5,0,6,0,0,0.0,21.5,51.0,1,False,False,958,314,True,True,True
Combined,Set1,Draw2,6,24,3,2,0.0,3,0.0,False,False,False,False,False,False,True,3,7,3,7,15,0,0,0,3689:1;1389:1;689:1,9683:1;1983:1;968:1,6,3,1,0.0,0,0,0,0,0,0,0.5,0,10,1,0,0.0,21.5,51.0,2,False,False,958,314,True,True,True
Evening,Set1,Draw5,1,24,4,4,0.0,3,1.0,False,False,False,True,False,True,True,2,3,2,3,14,0,14,0,136899:1;13899:1;36899:1,991386:1;99138:1;99683:1,8,3,3,0.0,0,1,0,0,0,1,0.5,0,4,1,0,0.0,21.5,51.0,2,False,False,958,314,True,True,True
Midday,Set1,Draw2,3,24,3,3,0.0,4,1.0,False,False,False,False,False,True,False,3,4,3,4,0,4,0,0,11348:1;1134:1;1348:1,41138:1;4113:1;8341:1,6,4,2,0.0,0,1,0,0,0,1,0.0,0,7,0,0,0.0,21.0,51.0,1,False,False,958,314,True,True,True
Midday,Set2,Draw1,2,24,3,3,0.0,6,1.0,False,False,False,False,False,True,False,3,1,3,1,0,4,0,0,11348:1;1134:1;134:1,41138:1;4113:1;341:1,6,6,2,0.0,0,1,0,0,0,1,0.0,0,4,0,1,0.0,21.0,51.0,1,True,False,958,314,True,True,True
Midday,Set2,Draw1,3,24,3,3,0.0,6,1.0,False,False,False,False,False,True,False,3,1,3,1,0,6,0,0,113488:1;1134:1;134:1,411388:1;4113:1;341:1,6,6,2,0.0,0,1,0,0,0,1,0.0,0,4,0,1,0.0,21.0,51.0,1,True,False,958,314,True,True,True
Midday,Set1,Draw2,4,24,3,3,0.0,4,1.0,False,False,False,False,False,False,False,3,4,3,4,0,6,0,0,113488:1;1134:1;11348:1,411388:1;4113:1;41138:1,6,4,2,0.0,0,1,0,0,0,0,0.0,0,7,1,0,0.0,21.0,51.0,2,False,False,958,314,True,True,True
Combined,Set2,Draw1,4,14,3,2,0.0,4,1.0,True,False,False,False,False,False,False,2,1,2,1,0,1,0,0,589:1,598:2,6,4,1,0.0,0,1,2,0,0,0,0.0,0,2,4,1,0.0,21.0,46.5,3,True,False,958,314,True,True,True
Midday,Set3,Draw1,6,24,3,3,0.0,4,0.0,False,False,False,False,False,False,False,3,1,3,1,0,0,0,0,11344688:1;113488:1;11348:1,44113886:1;411388:1;41138:1,6,4,2,0.0,0,0,0,0,0,0,0.0,0,4,4,1,0.0,21.0,51.0,3,True,False,958,314,True,True,True
Combined,Set1,Draw5,1,24,3,3,0.0,3,1.0,False,False,False,True,False,True,True,1,7,1,7,8,0,8,0,113389:1;1389:1;189:1,911338:1;1983:1;198:1,6,3,2,0.0,0,1,0,0,0,1,0.5,0,6,1,0,0.0,20.5,51.0,2,False,False,958,314,True,True,True
Evening,Set1,Draw2,2,14,4,3,0.0,4,1.0,True,False,False,False,False,False,False,2,2,2,2,0,0,2,0,5899:1;589:1,5998:2;859:1,8,4,2,0.0,0,1,2,0,0,0,0.0,0,3,0,0,0.0,20.0,46.5,1,False,False,958,314,True,True,True
Combined,Set1,Draw5,3,14,1,1,0.0,3,0.0,False,False,False,False,False,True,False,3,7,3,7,0,0,0,0,359:1;3559:1;3359:1,593:1;5593:1;5933:1,2,3,0,0.0,0,0,0,0,0,1,0.0,0,10,4,0,0.0,20.0,46.5,3,False,False,958,314,True,True,True
Midday,Set1,Draw4,4,24,3,2,0.0,2,0.0,False,False,False,False,False,False,False,3,4,3,4,0,0,0,0,11348:1;113488:1;11344688:1,41138:1;411388:1;44113886:1,6,2,1,0.0,0,0,0,0,0,0,0.0,0,7,4,0,0.0,20.0,51.0,3,False,False,958,314,True,True,True
Midday,Set2,Draw1,7,24,2,2,0.0,6,0.0,False,False,False,False,False,False,False,3,1,3,1,0,0,0,0,1134:1;1133488:1;113348:1,4113:1;4113388:1;411338:1,4,6,1,0.0,0,0,0,0,0,0,0.0,0,4,4,1,0.0,20.0,51.0,3,True,False,958,314,True,True,True
Combined,Set1,Draw2,4,14,1,1,0.0,3,1.0,False,False,False,False,False,False,False,3,7,3,7,0,1,0,0,359:1,593:1,2,3,0,0.0,0,1,0,0,0,0,0.0,0,10,4,0,0.0,20.0,46.5,3,False,False,958,314,True,True,True
Combined,Set1,Draw2,5,14,1,1,0.0,3,0.0,False,False,False,False,False,False,False,3,7,3,7,0,0,0,0,359:1,593:1,2,3,0,0.0,0,0,0,0,0,0,0.0,0,10,4,0,0.0,19.0,46.5,3,False,False,958,314,True,True,True
Evening,Set2,Draw1,6,14,4,2,0.0,3,0.0,False,False,False,False,False,False,False,2,1,2,1,0,0,0,0,005889:1;00445889:1;00589:1,590088:1;59008844:1;59008:1,8,3,1,0.0,0,0,0,0,0,0,0.0,0,2,4,1,0.0,19.0,46.5,3,True,False,958,314,True,True,True
Midday,Set3,Draw1,3,24,3,3,0.0,4,1.0,False,False,False,False,False,True,False,3,1,3,1,0,6,0,0,113488:1;11348:1;13488:1,411388:1;41138:1;88341:1,6,4,2,0.0,0,1,0,0,0,1,0.0,0,4,0,1,0.0,19.0,51.0,1,True,False,958,314,True,True,True
Midday,Set3,Draw1,4,14,3,2,0.0,5,1.0,False,False,False,False,False,False,False,3,1,3,1,0,3,0,0,34588:1;345:1;3458:1,58834:1;534:1;8345:1,6,5,1,0.0,0,1,0,0,0,0,0.0,0,4,1,1,0.0,19.0,46.5,2,True,False,958,314,True,True,True
Midday,Set1,Draw1,4,14,3,2,0.0,2,1.0,False,False,False,False,False,False,False,3,5,3,5,0,3,0,0,34588:1;345:1;3458:1,58834:1;534:1;8345:1,6,2,1,0.0,0,1,0,0,0,0,0.0,0,8,0,1,0.0,19.0,46.5,1,True,False,958,314,True,True,True
Midday,Set1,Draw3,3,14,3,2,0.0,2,1.0,False,False,False,False,False,False,False,3,5,3,5,0,4,0,0,3458:1;345:1;3455:1,5834:1;534:1;5534:1,6,2,1,0.0,0,1,0,0,0,0,0.0,0,8,1,0,0.0,19.0,46.5,2,False,False,958,314,True,True,True
Combined,Set1,Draw2,6,14,1,1,0.0,3,0.0,False,False,False,False,False,False,False,3,7,3,7,0,0,0,0,359:1,593:1,2,3,0,0.0,0,0,0,0,0,0,0.0,0,10,4,0,0.0,19.0,46.5,3,False,False,958,314,True,True,True
Midday,Set1,Draw3,4,24,2,2,0.0,3,0.0,False,False,False,False,False,False,False,3,4,3,4,0,0,0,0,113488:1;11348:1;1134:1,411388:1;41138:1;4113:1,4,3,1,0.0,0,0,0,0,0,0,0.0,0,7,4,0,0.0,19.0,51.0,3,False,False,958,314,True,True,True
Midday,Set1,Draw1,7,24,1,1,0.0,5,0.0,False,False,False,False,False,False,False,3,4,3,4,0,0,0,0,1134:1;1133488:1;113348:1,4113:1;4113388:1;411338:1,2,5,0,0.0,0,0,0,0,0,0,0.0,0,7,4,1,0.0,19.0,51.0,3,True,False,958,314,True,True,True
Evening,Set2,Draw1,5,14,4,2,0.0,3,0.0,False,False,False,False,False,False,False,2,1,2,1,0,0,0,0,005889:1;00445889:1;00589:1,590088:1;59008844:1;59008:1,8,3,1,0.0,0,0,0,0,0,0,0.0,0,2,4,1,0.0,19.0,46.5,3,True,False,958,314,True,True,True
Midday,Set1,Draw1,3,14,3,2,0.0,2,1.0,False,False,False,False,False,False,False,3,5,3,5,0,0,2,0,3458:1;345:1,5834:1;534:1,6,2,1,0.0,0,1,0,0,0,0,0.0,0,8,0,1,0.0,19.0,46.5,1,True,False,958,314,True,True,True
Midday,Set1,Draw2,3,14,3,2,0.0,2,1.0,False,False,False,False,False,False,False,3,5,3,5,0,2,0,0,3458:1;345:1,5834:1;534:1,6,2,1,0.0,0,1,0,0,0,0,0.0,0,8,1,0,0.0,19.0,46.5,2,False,False,958,314,True,True,True
Combined,Set1,Draw6,1,14,2,1,0.0,2,1.0,False,False,False,False,False,True,False,3,7,3,7,0,5,0,0,359:1;3589:1;33589:1,593:1;5983:1;59833:1,4,2,0,0.0,0,1,0,0,0,1,0.0,0,10,1,0,0.0,19.0,46.5,2,False,False,958,314,True,True,True
Combined,Set2,Draw1,5,14,3,3,0.0,4,0.0,False,False,False,False,False,False,False,2,1,2,1,0,0,0,0,44589:1;589:1;4458:1,59448:1;598:1;8445:1,6,4,2,0.0,0,0,0,0,0,0,0.0,0,2,4,1,0.0,19.0,46.5,3,True,False,958,314,True,True,True
Evening,Set2,Draw1,4,14,4,4,0.0,1,1.0,False,False,False,False,False,False,False,2,1,2,1,0,8,0,0,445889:1;45889:1;44589:1,594488:1;59884:1;59448:1,8,1,3,0.0,0,1,0,0,0,0,0.0,0,2,4,0,0.0,19.0,46.5,3,False,False,958,314,True,True,True
Combined,Set1,Draw6,2,14,1,1,0.0,2,0.0,False,False,False,False,False,True,False,3,7,3,7,0,0,0,0,359:1;3559:1;3359:1,593:1;5593:1;5933:1,2,2,0,0.0,0,0,0,0,0,1,0.0,0,10,4,0,0.0,19.0,46.5,3,False,False,958,314,True,True,True
Combined,Set1,Draw4,3,14,1,1,0.0,2,0.0,False,False,False,False,False,True,False,3,7,3,7,0,0,0,0,359:1,593:1,2,2,0,0.0,0,0,0,0,0,1,0.0,0,10,4,0,0.0,19.0,46.5,3,False,False,958,314,True,True,True
Midday,Set3,Draw1,3,14,3,2,0.0,5,1.0,False,False,False,False,False,True,False,3,1,3,1,0,3,0,0,34588:1;3458:1;345:1,58834:1;8345:1;534:1,6,5,1,0.0,0,1,0,0,0,1,0.0,0,4,0,1,0.0,19.0,46.5,1,True,False,958,314,True,True,True
Midday,Set1,Draw4,3,24,2,2,0.0,2,0.0,False,False,False,False,False,True,False,3,4,3,4,0,0,0,0,11348:1;1134:1;1348:1,41138:1;4113:1;1834:1,4,2,1,0.0,0,0,0,0,0,1,0.0,0,7,4,0,0.0,19.0,51.0,3,False,False,958,314,True,True,True
Combined,Set3,Draw1,6,24,3,3,0.0,2,0.0,False,False,False,False,False,False,True,3,1,3,1,11,0,0,0,3446889:1;344688:1;34688:1,9443886:1;443886:1;43886:1,6,2,2,0.0,0,0,0,0,0,0,0.5,0,4,4,0,0.0,18.5,51.0,3,False,False,958,314,True,True,True
Combined,Set2,Draw1,7,24,3,3,0.0,1,0.0,False,False,False,False,False,False,True,3,1,3,1,16,0,0,0,3446889:1;34468899:1;344688:1,9443886:1;99443886:1;443886:1,6,1,2,0.0,0,0,0,0,0,0,0.5,0,4,4,1,0.0,18.5,51.0,3,True,False,958,314,True,True,True
Evening,Set1,Draw4,3,24,3,3,0.0,3,0.0,False,False,False,False,False,True,True,1,3,1,3,11,0,0,0,3468899:1;346889:1;34688:1,9943886:1;943886:1;43886:1,6,3,2,0.0,0,0,0,0,0,1,0.5,0,2,4,0,0.0,18.5,51.0,3,False,False,958,314,True,True,True
Combined,Set1,Draw1,7,14,1,1,0.0,1,0.0,False,False,False,False,False,False,False,3,7,3,7,0,0,0,0,359:1;344559:1;34559:1,593:1;559344:1;55934:1,2,1,0,0.0,0,0,0,0,0,0,0.0,0,10,4,1,0.0,18.0,46.5,3,True,False,958,314,True,True,True
Midday,Set3,Draw1,4,24,3,3,0.0,4,1.0,False,False,False,False,False,False,False,3,1,3,1,0,6,0,0,113488:1;11348:1;13488:1,411388:1;41138:1;88341:1,6,4,2,0.0,0,1,0,0,0,0,0.0,0,4,0,1,0.0,18.0,51.0,1,True,False,958,314,True,True,True
Combined,Set1,Draw3,5,14,1,1,0.0,2,0.0,False,False,False,False,False,False,False,3,7,3,7,0,0,0,0,359:1;00359:1;0359:1,593:1;00593:1;0593:1,2,2,0,0.0,0,0,0,0,0,0,0.0,0,10,4,0,0.0,18.0,46.5,3,False,False,958,314,True,True,True
Evening,Set1,Draw2,3,14,3,3,0.0,4,1.0,False,False,False,False,False,True,False,2,2,2,2,0,7,0,0,458899:1;45889:1;5899:1,599488:1;98845:1;5998:1,6,4,2,0.0,0,1,0,0,0,1,0.0,0,3,1,0,0.0,18.0,46.5,2,False,False,958,314,True,True,True
Combined,Set1,Draw5,2,14,1,1,0.0,3,1.0,False,False,False,False,False,True,False,3,7,3,7,0,0,4,0,359:1;3559:1;3359:1,593:1;5593:1;5933:1,2,3,0,0.0,0,1,0,0,0,1,0.0,0,10,1,0,0.0,18.0,46.5,2,False,False,958,314,True,True,True
Midday,Set1,Draw3,3,24,2,2,0.0,3,1.0,False,False,False,False,False,True,False,3,4,3,4,0,3,0,0,1134:1;11348:1;1348:1,4113:1;41138:1;1834:1,4,3,1,0.0,0,1,0,0,0,1,0.0,0,7,1,0,0.0,18.0,51.0,2,False,False,958,314,True,True,True
Midday,Set3,Draw1,5,14,3,2,0.0,5,0.0,False,False,False,False,False,False,False,3,1,3,1,0,0,0,0,34588:1;345:1;3458:1,58834:1;534:1;8345:1,6,5,1,0.0,0,0,0,0,0,0,0.0,0,4,1,1,0.0,18.0,46.5,2,True,False,958,314,True,True,True
Combined,Set3,Draw1,7,14,3,2,0.0,2,0.0,False,False,False,False,False,False,False,3,1,3,1,0,0,0,0,344559:1;34559:1;34459:1,559344:1;55934:1;59344:1,6,2,1,0.0,0,0,0,0,0,0,0.0,0,4,4,1,0.0,18.0,46.5,3,True,False,958,314,True,True,True
Midday,Set1,Draw3,4,14,3,2,0.0,2,0.0,False,False,False,False,False,False,False,3,5,3,5,0,0,0,0,34588:1;345:1;3458:1,58834:1;534:1;8345:1,6,2,1,0.0,0,0,0,0,0,0,0.0,0,8,1,0,0.0,18.0,46.5,2,False,False,958,314,True,True,True
Evening,Set1,Draw3,3,24,3,3,0.0,4,1.0,False,False,False,False,False,True,True,1,3,1,3,8,8,0,0,468899:1;46889:1;6899:1,994886:1;94886:1;9968:1,6,4,2,0.0,0,1,0,0,0,1,0.5,0,2,1,0,0.0,17.5,51.0,2,False,False,958,314,True,True,True
Evening,Set1,Draw5,3,24,3,2,0.0,3,0.0,False,False,False,False,False,True,True,1,3,1,3,33,0,0,0,13468899:1;13466889:1;13668899:1,99413886:1;94138866:1;19988366:1,6,3,1,0.0,0,0,0,0,0,1,0.5,0,2,4,0,0.0,17.5,51.0,3,False,False,958,314,True,True,True
Evening,Set1,Draw3,5,24,3,2,0.0,4,0.0,False,False,False,False,False,False,True,1,3,1,3,12,0,0,0,368899:1;34468899:1;344688:1,996883:1;99688344:1;443886:1,6,4,1,0.0,0,0,0,0,0,0,0.5,0,2,4,0,0.0,17.5,51.0,3,False,False,958,314,True,True,True
Evening,Set1,Draw3,4,24,3,2,0.0,4,0.0,False,False,False,False,False,False,True,1,3,1,3,10,0,0,0,6899:1;68899:1;468899:1,9968:1;99688:1;996884:1,6,4,1,0.0,0,0,0,0,0,0,0.5,0,2,4,0,0.0,17.5,51.0,3,False,False,958,314,True,True,True
Evening,Set1,Draw5,2,24,3,2,0.0,3,1.0,False,False,False,False,False,True,True,2,3,2,3,15,0,15,0,36899:1;13899:1;136899:1,99836:1;99138:1;991386:1,6,3,1,0.0,0,1,0,0,0,1,0.5,0,4,1,0,0.0,17.5,51.0,2,False,False,958,314,True,True,True
Midday,Set1,Draw1,5,24,1,1,0.0,5,1.0,False,False,False,False,False,False,False,3,4,3,4,0,4,0,0,1134:1;1133488:1;113348:1,4113:1;4113388:1;411338:1,2,5,0,0.0,0,1,0,0,0,0,0.0,0,7,1,1,0.0,17.0,51.0,2,True,False,958,314,True,True,True
Evening,Set1,Draw4,3,14,2,2,0.0,3,0.0,False,False,False,False,False,True,False,1,5,1,5,0,0,0,0,3599:1;3458899:1;345899:1,5993:1;5994388:1;599438:1,4,3,1,0.0,0,0,0,0,0,1,0.0,0,4,4,0,0.0,17.0,46.5,3,False,False,958,314,True,True,True
Combined,Set1,Draw4,2,14,1,1,0.0,2,1.0,False,False,False,False,False,True,False,3,7,3,7,0,0,1,0,359:1,593:1,2,2,0,0.0,0,1,0,0,0,1,0.0,0,10,1,0,0.0,17.0,46.5,2,False,False,958,314,True,True,True
Midday,Set2,Draw1,3,14,3,2,0.0,2,1.0,False,False,False,False,False,True,False,3,1,3,1,0,3,0,0,3458:1;34588:1;345:1,8345:1;58834:1;534:1,6,2,1,0.0,0,1,0,0,0,1,0.0,0,4,1,1,0.0,17.0,46.5,2,True,False,958,314,True,True,True
Midday,Set3,Draw1,5,24,3,3,0.0,4,0.0,False,False,False,False,False,False,False,3,1,3,1,0,0,0,0,113488:1;11348:1;13488:1,411388:1;41138:1;88341:1,6,4,2,0.0,0,0,0,0,0,0,0.0,0,4,0,1,0.0,17.0,51.0,1,True,False,958,314,True,True,True
Combined,Set2,Draw1,3,14,3,2,0.0,4,1.0,True,False,False,False,False,False,False,2,1,2,1,0,1,0,0,589:1,598:2,6,4,1,0.0,0,1,2,0,0,0,0.0,0,2,1,0,0.0,17.0,46.5,2,False,False,958,314,True,True,True
Combined,Set1,Draw7,1,14,2,1,0.0,1,0.0,False,False,False,False,False,True,False,3,7,3,7,0,0,0,0,359:1;0334589:1;033589:1,593:1;5908334:1;590833:1,4,1,0,0.0,0,0,0,0,0,1,0.0,0,10,1,0,0.0,17.0,46.5,2,False,False,958,314,True,True,True
Midday,Set2,Draw1,4,24,2,2,0.0,6,1.0,False,False,False,False,False,False,False,3,1,3,1,0,8,0,0,1134:1;1133488:1;113348:1,4113:1;4113388:1;411338:1,4,6,1,0.0,0,1,0,0,0,0,0.0,0,4,0,1,0.0,17.0,51.0,1,True,False,958,314,True,True,True
Evening,Set1,Draw4,2,24,3,3,0.0,3,1.0,False,False,False,False,False,True,True,1,3,1,3,4,0,4,0,36899:1;3689:1;6899:1,99386:1;9386:1;9968:1,6,3,2,0.0,0,1,0,0,0,1,0.5,0,2,1,0,0.0,16.5,51.0,2,False,False,958,314,True,True,True
Combined,Set1,Draw6,1,24,2,2,0.0,2,1.0,False,False,False,False,False,True,True,1,7,1,7,6,6,0,0,1389:1;189:1;113389:1,1983:1;198:1;983311:1,4,2,1,0.0,0,1,0,0,0,1,0.5,0,6,1,0,0.0,16.5,51.0,2,False,False,958,314,True,True,True
Combined,Set3,Draw1,7,24,2,2,0.0,2,0.0,False,False,False,False,False,False,True,3,1,3,1,9,0,0,0,344688:1;36889:1;3446889:1,688344:1;98836:1;9883644:1,4,2,1,0.0,0,0,0,0,0,0,0.5,0,4,4,1,0.0,16.5,51.0,3,True,False,958,314,True,True,True
Evening,Set1,Draw3,2,24,3,2,0.0,4,1.0,True,False,False,False,False,False,True,1,3,1,3,2,0,2,0,6899:1;689:1,9986:2;986:2,6,4,1,0.0,0,1,2,0,0,0,0.5,0,2,0,0,0.0,16.5,51.0,1,False,False,958,314,True,True,True
Evening,Set1,Draw4,4,24,3,2,0.0,3,0.0,False,False,False,False,False,False,True,1,3,1,3,12,0,0,0,368899:1;34688:1;3468899:1,996883:1;43886:1;9968834:1,6,3,1,0.0,0,0,0,0,0,0,0.5,0,2,4,0,0.0,16.5,51.0,3,False,False,958,314,True,True,True
Combined,Set3,Draw1,6,14,2,2,0.0,2,0.0,False,False,False,False,False,False,False,3,1,3,1,0,0,0,0,344559:1;34459:1;34559:1,559443:1;59443:1;55934:1,4,2,1,0.0,0,0,0,0,0,0,0.0,0,4,4,1,0.0,16.0,46.5,3,True,False,958,314,True,True,True
Evening,Set1,Draw1,6,14,4,2,0.0,2,0.0,False,False,False,False,False,False,False,2,2,2,2,0,0,0,0,004488:1;005889:1;00445889:1,440088:1;590088:1;59008844:1,8,2,1,0.0,0,0,0,0,0,0,0.0,0,3,1,1,0.0,16.0,46.5,2,True,False,958,314,True,True,True
Evening,Set1,Draw1,7,14,3,1,0.0,2,0.0,False,False,False,False,False,False,False,2,2,2,2,0,0,0,0,004488:1;005889:1;00448:1,440088:1;880059:1;44008:1,6,2,0,0.0,0,0,0,0,0,0,0.0,0,3,4,1,0.0,16.0,46.5,3,True,False,958,314,True,True,True
Midday,Set2,Draw1,5,24,2,2,0.0,6,0.0,False,False,False,False,False,False,False,3,1,3,1,0,0,0,0,1134:1;1133488:1;113348:1,4113:1;4113388:1;411338:1,4,6,1,0.0,0,0,0,0,0,0,0.0,0,4,0,1,0.0,16.0,51.0,1,True,False,958,314,True,True,True
Midday,Set3,Draw1,7,24,2,2,0.0,2,0.0,False,False,False,False,False,False,False,3,1,3,1,0,0,0,0,11344688:1;1344688:1;344688:1,68834411:1;6883441:1;688344:1,4,2,1,0.0,0,0,0,0,0,0,0.0,0,4,4,1,0.0,16.0,51.0,3,True,False,958,314,True,True,True
Midday,Set3,Draw1,6,14,1,1,0.0,5,0.0,False,False,False,False,False,False,False,3,1,3,1,0,0,0,0,345:1;3445:1,534:1;5344:1,2,5,0,0.0,0,0,0,0,0,0,0.0,0,4,4,1,0.0,16.0,46.5,3,True,False,958,314,True,True,True
Midday,Set1,Draw1,6,24,1,1,0.0,5,0.0,False,False,False,False,False,False,False,3,4,3,4,0,0,0,0,1134:1;1133488:1;113348:1,4113:1;4113388:1;411338:1,2,5,0,0.0,0,0,0,0,0,0,0.0,0,7,1,1,0.0,16.0,51.0,2,True,False,958,314,True,True,True
Evening,Set1,Draw4,2,14,2,1,0.0,3,1.0,True,False,False,False,False,True,False,1,5,1,5,0,0,2,0,3599:1;35899:1,5993:2;59938:1,4,3,0,0.0,0,1,2,0,0,1,0.0,0,4,1,0,0.0,16.0,46.5,2,False,False,958,314,True,True,True
Midday,Set1,Draw5,3,14,1,1,0.0,1,0.0,False,False,False,False,False,True,False,3,5,3,5,0,0,0,0,345:1;034455:1;03455:1,534:1;055344:1;05534:1,2,1,0,0.0,0,0,0,0,0,1,0.0,0,8,4,0,0.0,16.0,46.5,3,False,False,958,314,True,True,True
Midday,Set1,Draw4,4,14,1,1,0.0,2,0.0,False,False,False,False,False,False,False,3,5,3,5,0,0,0,0,345:1;3455:1;34455:1,534:1;5534:1;55344:1,2,2,0,0.0,0,0,0,0,0,0,0.0,0,8,4,0,0.0,16.0,46.5,3,False,False,958,314,True,True,True
Midday,Set1,Draw3,5,24,1,1,0.0,3,0.0,False,False,False,False,False,False,False,3,4,3,4,0,0,0,0,1134:1;1133488:1;113348:1,4113:1;4113388:1;411338:1,2,3,0,0.0,0,0,0,0,0,0,0.0,0,7,4,0,0.0,16.0,51.0,3,False,False,958,314,True,True,True
Midday,Set2,Draw1,6,24,2,2,0.0,6,0.0,False,False,False,False,False,False,False,3,1,3,1,0,0,0,0,1134:1;1133488:1;113348:1,4113:1;4113388:1;411338:1,4,6,1,0.0,0,0,0,0,0,0,0.0,0,4,0,1,0.0,16.0,51.0,1,True,False,958,314,True,True,True
Evening,Set1,Draw2,6,14,3,2,0.0,1,0.0,False,False,False,False,False,False,False,2,2,2,2,0,0,0,0,0044889:1;004488:1;004889:1,9008844:1;440088:1;900884:1,6,1,1,0.0,0,0,0,0,0,0,0.0,0,3,4,0,0.0,15.0,46.5,3,False,False,958,314,True,True,True
Combined,Set3,Draw1,5,14,4,3,0.0,1,0.0,False,False,False,False,False,False,False,2,1,2,1,0,0,0,0,344558:1;34458:1;34455:1,554438:1;54438:1;55443:1,8,1,2,0.0,0,0,0,0,0,0,0.0,0,2,1,1,0.0,15.0,46.5,2,True,False,958,314,True,True,True
Combined,Set1,Draw3,4,14,1,1,0.0,2,0.0,False,False,False,False,False,False,False,3,7,3,7,0,0,0,0,359:1;0359:1,593:1;0593:1,2,2,0,0.0,0,0,0,0,0,0,0.0,0,10,1,0,0.0,15.0,46.5,2,False,False,958,314,True,True,True
Midday,Set3,Draw1,7,14,1,1,0.0,5,0.0,False,False,False,False,False,False,False,3,1,3,1,0,0,0,0,345:1;034455:1;03455:1,534:1;055344:1;05534:1,2,5,0,0.0,0,0,0,0,0,0,0.0,0,4,4,0,0.0,15.0,46.5,3,False,False,958,314,True,True,True
Midday,Set2,Draw1,2,14,3,2,0.0,2,1.0,False,False,False,False,False,False,False,3,1,3,1,0,2,0,0,3458:1;345:1,5834:1;534:1,6,2,1,0.0,0,1,0,0,0,0,0.0,0,4,0,1,0.0,15.0,46.5,1,True,False,958,314,True,True,True
Combined,Set1,Draw3,4,24,1,1,0.0,2,0.0,False,False,False,False,False,False,True,1,7,1,7,4,0,0,0,1389:1;3689:1;189:1,1983:1;9836:1;198:1,2,2,0,0.0,0,0,0,0,0,0,0.5,0,6,4,0,0.0,14.5,51.0,3,False,False,958,314,True,True,True
Combined,Set1,Draw3,5,24,1,1,0.0,2,0.0,False,False,False,False,False,False,True,1,7,1,7,4,0,0,0,1389:1;3689:1;189:1,1983:1;9836:1;198:1,2,2,0,0.0,0,0,0,0,0,0,0.5,0,6,4,0,0.0,14.5,51.0,3,False,False,958,314,True,True,True
Midday,Set1,Draw2,6,24,1,1,0.0,4,0.0,False,False,False,False,False,False,False,3,4,3,4,0,0,0,0,1134:1;1133488:1;113348:1,4113:1;4113388:1;411338:1,2,4,0,0.0,0,0,0,0,0,0,0.0,0,7,1,0,0.0,14.0,51.0,2,False,False,958,314,True,True,True
Combined,Set3,Draw1,4,14,3,3,0.0,1,1.0,False,False,False,False,False,False,False,2,1,2,1,0,2,0,0,4458:1;458:1,5448:1;584:1,6,1,2,0.0,0,1,0,0,0,0,0.0,0,2,1,1,0.0,14.0,46.5,2,True,False,958,314,True,True,True
Midday,Set1,Draw2,5,24,1,1,0.0,4,0.0,False,False,False,False,False,False,False,3,4,3,4,0,0,0,0,1134:1;1133488:1;113348:1,4113:1;4113388:1;411338:1,2,4,0,0.0,0,0,0,0,0,0,0.0,0,7,1,0,0.0,14.0,51.0,2,False,False,958,314,True,True,True
Midday,Set1,Draw5,3,24,2,2,0.0,1,0.0,False,False,False,False,False,True,False,2,2,2,2,0,0,0,0,34468:1;1134468:1;3468:1,68344:1;1183644:1;6834:1,4,1,1,0.0,0,0,0,0,0,1,0.0,0,3,4,0,0.0,14.0,51.0,3,False,False,958,314,True,True,True
Combined,Set1,Draw4,4,24,1,1,0.0,2,0.0,False,False,False,False,False,False,True,3,2,3,2,9,0,0,0,36889:1;13668899:1;368899:1,98836:1;19988366:1;998836:1,2,2,0,0.0,0,0,0,0,0,0,0.5,0,5,4,0,0.0,13.5,51.0,3,False,False,958,314,True,True,True
Combined,Set1,Draw7,1,24,2,1,0.0,1,0.0,False,False,False,False,False,True,True,1,7,1,7,12,0,0,0,1389:1;113389:1;189:1,1983:1;119833:1;198:1,4,1,0,0.0,0,0,0,0,0,1,0.5,0,6,1,0,0.0,13.5,51.0,2,False,False,958,314,True,True,True
Evening,Set3,Draw1,7,24,2,1,0.0,2,0.0,False,False,False,False,False,False,True,2,1,2,1,6,0,0,0,139:1;13369:1;33446:1,193:1;19336:1;63344:1,4,2,0,0.0,0,0,0,0,0,0,0.5,0,2,4,1,0.0,13.5,51.0,3,True,False,958,314,True,True,True
Evening,Set1,Draw4,4,14,1,1,0.0,3,0.0,False,False,False,False,False,False,False,1,5,1,5,0,0,0,0,3599:1,5993:1,2,3,0,0.0,0,0,0,0,0,0,0.0,0,4,4,0,0.0,13.0,46.5,3,False,False,958,314,True,True,True
Evening,Set1,Draw5,3,14,1,1,0.0,2,0.0,False,False,False,False,False,True,False,1,5,1,5,0,0,0,0,3599:1;34599:1,5993:1;59934:1,2,2,0,0.0,0,0,0,0,0,1,0.0,0,4,4,0,0.0,13.0,46.5,3,False,False,958,314,True,True,True
Midday,Set3,Draw1,2,24,3,3,0.0,2,1.0,False,False,False,False,False,True,False,1,1,1,1,0,4,0,0,11488:1;1148:1;148:1,41188:1;4118:1;841:1,6,2,2,0.0,0,1,0,0,0,1,0.0,0,0,0,1,0.0,13.0,51.0,1,True,False,958,314,True,True,True
Midday,Set2,Draw1,4,14,1,1,0.0,3,1.0,False,False,False,False,False,False,False,2,1,2,1,0,1,0,0,334588:1,588334:1,2,3,0,0.0,0,1,0,0,0,0,0.0,0,2,4,1,0.0,13.0,46.5,3,True,False,958,314,True,True,True
Midday,Set1,Draw1,7,14,1,1,0.0,3,0.0,False,False,False,False,False,False,False,2,3,2,3,0,0,0,0,334588:1,588334:1,2,3,0,0.0,0,0,0,0,0,0,0.0,0,4,4,0,0.0,13.0,46.5,3,False,False,958,314,True,True,True
Evening,Set2,Draw1,7,24,2,1,0.0,1,0.0,False,False,False,False,False,False,True,2,1,2,1,6,0,0,0,134488:1;13448:1;1344:1,883441:1;83441:1;3441:1,4,1,0,0.0,0,0,0,0,0,0,0.5,0,2,4,1,0.0,12.5,51.0,3,True,False,958,314,True,True,True
Evening,Set3,Draw1,6,24,2,1,0.0,2,0.0,False,False,False,False,False,False,True,2,1,2,1,2,0,0,0,1344:1;139:1,3441:1;193:1,4,2,0,0.0,0,0,0,0,0,0,0.5,0,2,4,0,0.0,12.5,51.0,3,False,False,958,314,True,True,True
Midday,Set2,Draw1,6,14,1,1,0.0,3,0.0,False,False,False,False,False,False,False,2,1,2,1,0,0,0,0,334588:1,588334:1,2,3,0,0.0,0,0,0,0,0,0,0.0,0,2,4,1,0.0,12.0,46.5,3,True,False,958,314,True,True,True
Midday,Set2,Draw1,5,14,1,1,0.0,3,0.0,False,False,False,False,False,False,False,2,1,2,1,0,0,0,0,334588:1,588334:1,2,3,0,0.0,0,0,0,0,0,0,0.0,0,2,4,1,0.0,12.0,46.5,3,True,False,958,314,True,True,True
Evening,Set3,Draw1,6,14,2,2,0.0,2,0.0,False,False,False,False,False,False,False,1,1,1,1,0,0,0,0,003449:1;0039:1;00349:1,900344:1;9003:1;90034:1,4,2,1,0.0,0,0,0,0,0,0,0.0,0,0,4,1,0.0,12.0,46.5,3,True,False,958,314,True,True,True
Midday,Set1,Draw1,5,14,1,1,0.0,3,1.0,False,False,False,False,False,False,False,2,3,2,3,0,1,0,0,334588:1,588334:1,2,3,0,0.0,0,1,0,0,0,0,0.0,0,4,1,1,0.0,12.0,46.5,2,True,False,958,314,True,True,True
Midday,Set1,Draw2,6,14,1,1,0.0,2,0.0,False,False,False,False,False,False,False,2,3,2,3,0,0,0,0,334588:1,588334:1,2,2,0,0.0,0,0,0,0,0,0,0.0,0,4,4,0,0.0,12.0,46.5,3,False,False,958,314,True,True,True
Midday,Set1,Draw2,5,14,1,1,0.0,2,0.0,False,False,False,False,False,False,False,2,3,2,3,0,0,0,0,334588:1,588334:1,2,2,0,0.0,0,0,0,0,0,0,0.0,0,4,4,0,0.0,12.0,46.5,3,False,False,958,314,True,True,True
Evening,Set1,Draw2,4,14,1,1,0.0,4,1.0,False,False,False,False,False,False,False,1,2,1,2,0,4,0,0,458899:1;4458899:1;5899:1,599884:1;5998844:1;5998:1,2,4,0,0.0,0,1,0,0,0,0,0.0,0,1,4,0,0.0,12.0,46.5,3,False,False,958,314,True,True,True
Evening,Set1,Draw6,2,14,1,1,0.0,1,0.0,False,False,False,False,False,True,False,1,5,1,5,0,0,0,0,3599:1;03599:1,5993:1;05993:1,2,1,0,0.0,0,0,0,0,0,1,0.0,0,4,4,0,0.0,12.0,46.5,3,False,False,958,314,True,True,True
Evening,Set1,Draw1,5,14,2,2,0.0,1,1.0,False,False,False,False,False,False,False,2,2,2,2,0,4,0,0,45889:1;445889:1;589:1,59884:1;598844:1;598:1,4,1,1,0.0,0,1,0,0,0,0,0.0,0,3,1,1,0.0,12.0,46.5,2,True,False,958,314,True,True,True
Evening,Set1,Draw1,7,24,2,1,0.0,1,0.0,False,False,False,False,False,False,True,1,2,1,2,3,0,0,0,44688:1;6889:1;4688:1,68844:1;9886:1;6884:1,4,1,0,0.0,0,0,0,0,0,0,0.5,0,1,4,1,0.0,11.5,51.0,3,True,False,958,314,True,True,True
Evening,Set1,Draw6,2,24,1,1,0.0,2,0.0,False,False,False,False,False,True,True,1,3,1,3,8,0,0,0,13899:1;136899:1;1366899:1,19983:1;199836:1;1998366:1,2,2,0,0.0,0,0,0,0,0,1,0.5,0,2,4,0,0.0,11.5,51.0,3,False,False,958,314,True,True,True
Evening,Set1,Draw3,5,14,1,1,0.0,1,0.0,False,False,False,False,False,False,False,1,5,1,5,0,0,0,0,3599:1;35599:1,5993:1;55993:1,2,1,0,0.0,0,0,0,0,0,0,0.0,0,4,4,0,0.0,11.0,46.5,3,False,False,958,314,True,True,True
Evening,Set1,Draw2,5,14,1,1,0.0,4,0.0,False,False,False,False,False,False,False,1,2,1,2,0,0,0,0,458899:1;44558899:1;4458899:1,599884:1;55998844:1;5998844:1,2,4,0,0.0,0,0,0,0,0,0,0.0,0,1,4,0,0.0,11.0,46.5,3,False,False,958,314,True,True,True
Evening,Set1,Draw5,2,14,1,1,0.0,2,1.0,False,False,False,False,False,True,False,1,5,1,5,0,0,1,0,3599:1,5993:1,2,2,0,0.0,0,1,0,0,0,1,0.0,0,4,1,0,0.0,11.0,46.5,2,False,False,958,314,True,True,True
Evening,Set2,Draw1,7,14,2,1,0.0,3,0.0,False,False,False,False,False,False,False,2,1,2,1,0,0,0,0,005889:1;00589:1;00345889:1,590088:1;59008:1;59008834:1,4,3,0,0.0,0,0,0,0,0,0,0.0,0,2,1,1,0.0,11.0,46.5,2,True,False,958,314,True,True,True
Midday,Set1,Draw1,6,14,1,1,0.0,3,0.0,False,False,False,False,False,False,False,2,3,2,3,0,0,0,0,334588:1,588334:1,2,3,0,0.0,0,0,0,0,0,0,0.0,0,4,1,1,0.0,11.0,46.5,2,True,False,958,314,True,True,True
Midday,Set1,Draw3,5,14,1,1,0.0,1,0.0,False,False,False,False,False,False,False,2,3,2,3,0,0,0,0,334588:1;3345588:1,588334:1;5588334:1,2,1,0,0.0,0,0,0,0,0,0,0.0,0,4,4,0,0.0,11.0,46.5,3,False,False,958,314,True,True,True
Midday,Set3,Draw1,1,24,3,3,0.0,2,1.0,False,False,False,True,False,False,False,1,1,1,1,0,2,0,0,1148:1;148:1,4118:1;841:1,6,2,2,0.0,0,1,0,0,0,0,0.0,0,0,0,0,0.0,11.0,51.0,1,False,False,958,314,True,True,True
Midday,Set3,Draw1,2,14,2,2,0.0,2,1.0,False,False,False,False,False,True,False,1,1,1,1,0,2,0,0,458:1;4588:1,845:1;5884:1,4,2,1,0.0,0,1,0,0,0,1,0.0,0,0,0,1,0.0,10.0,46.5,1,True,False,958,314,True,True,True
Combined,Set2,Draw1,7,14,2,2,0.0,1,0.0,False,False,False,False,False,False,False,2,1,2,1,0,0,0,0,3445599:1;34455899:1;34458899:1,5599443:1;55994438:1;59944388:1,4,1,1,0.0,0,0,0,0,0,0,0.0,0,2,1,1,0.0,10.0,46.5,2,True,False,958,314,True,True,True
Evening,Set1,Draw6,1,24,1,1,0.0,2,1.0,False,False,False,False,False,True,True,1,3,1,3,5,5,0,0,13899:1;136899:1;36899:1,19983:1;199836:1;99836:1,2,2,0,0.0,0,1,0,0,0,1,0.5,0,2,1,0,0.0,9.5,51.0,2,False,False,958,314,True,True,True
Evening,Set1,Draw7,1,14,1,1,0.0,1,0.0,False,False,False,False,False,True,False,1,5,1,5,0,0,0,0,3599:1;03599:1;033599:1,5993:1;05993:1;059933:1,2,1,0,0.0,0,0,0,0,0,1,0.0,0,4,1,0,0.0,9.0,46.5,2,False,False,958,314,True,True,True
Combined,Set1,Draw4,4,14,1,1,0.0,1,0.0,False,False,False,False,False,False,False,2,1,2,1,0,0,0,0,03599:1;3599:1,05993:1;5993:1,2,1,0,0.0,0,0,0,0,0,0,0.0,0,2,4,0,0.0,9.0,46.5,3,False,False,958,314,True,True,True
Evening,Set3,Draw1,7,14,1,1,0.0,2,0.0,False,False,False,False,False,False,False,1,1,1,1,0,0,0,0,0039:1;00339:1;039:1,0093:1;00933:1;093:1,2,2,0,0.0,0,0,0,0,0,0,0.0,0,0,4,1,0.0,9.0,46.5,3,True,False,958,314,True,True,True
Midday,Set1,Draw6,2,24,1,1,0.0,1,0.0,False,False,False,False,False,True,False,1,1,1,1,0,0,0,0,113689:1;11389:1;13689:1,119836:1;11983:1;19836:1,2,1,0,0.0,0,0,0,0,0,1,0.0,0,0,4,0,0.0,8.0,51.0,3,False,False,958,314,True,True,True
Midday,Set1,Draw6,2,14,1,1,0.0,1,0.0,False,False,False,False,False,True,False,1,1,1,1,0,0,0,0,003559:1;03559:1;3559:1,005593:1;05593:1;5593:1,2,1,0,0.0,0,0,0,0,0,1,0.0,0,0,4,0,0.0,8.0,46.5,3,False,False,958,314,True,True,True
Midday,Set3,Draw1,1,14,2,2,0.0,2,1.0,False,False,False,False,False,False,False,1,1,1,1,0,1,0,0,458:1,584:1,4,2,1,0.0,0,1,0,0,0,0,0.0,0,0,0,0,0.0,8.0,46.5,1,False,False,958,314,True,True,True
Evening,Set1,Draw7,1,24,1,1,0.0,1,0.0,False,False,False,False,False,True,True,1,3,1,3,10,0,0,0,11336899:1;1133899:1;13899:1,11998336:1;1199833:1;19983:1,2,1,0,0.0,0,0,0,0,0,1,0.5,0,2,1,0,0.0,7.5,51.0,2,False,False,958,314,True,True,True
Evening,Set1,Draw3,3,14,1,1,0.0,1,1.0,False,False,False,False,False,True,False,1,2,1,2,0,2,0,0,458899:1;45899:1,599488:1;59948:1,2,1,0,0.0,0,1,0,0,0,1,0.0,0,1,1,0,0.0,7.0,46.5,2,False,False,958,314,True,True,True
Evening,Set1,Draw6,1,14,1,1,0.0,1,1.0,False,False,False,False,False,True,False,1,1,1,1,0,1,0,0,0399:1,0993:1,2,1,0,0.0,0,1,0,0,0,1,0.0,0,0,1,0,0.0,6.0,46.5,2,False,False,958,314,True,True,True
Evening,Set1,Draw3,2,14,1,1,0.0,1,1.0,False,False,False,False,False,True,False,1,2,1,2,0,0,1,0,5899:1,5998:1,2,1,0,0.0,0,1,0,0,0,1,0.0,0,1,0,0,0.0,6.0,46.5,1,False,False,958,314,True,True,True
