section,Set,Draw,Column,family_id,rows_cov,perm_count_in_box,repeat_extras_in_box,hp_span,hot_density,any_straight2,any_straight3,any_consensus,any_dom_last,top_canonicals,top_modal_orders,family_score
Combined,Set1,1,Draw1,0,4,1,0.0,6,1.0,True,True,True,False,499:1,994:4,23.0
Combined,Set1,1,Draw1,25,4,2,0.0,7,1.0,True,False,False,True,11499:1;1499:1;199:1,99411:2;9941:2;199:2,22.0
Combined,Set1,1,Draw1,2,4,1,0.0,1,1.0,True,True,True,True,006:1,006:4,21.0
Combined,Set1,1,Draw1,19,4,1,0.0,7,1.0,True,False,False,False,1199:1;114:1;119:1,1199:2;411:2;119:2,18.0
Combined,Set1,1,Draw2,0,4,1,0.0,6,1.0,True,True,True,False,499:1,994:4,23.0
Combined,Set1,1,Draw2,2,4,1,0.0,1,1.0,True,True,True,True,006:1,006:4,21.0
Combined,Set1,1,Draw2,25,4,2,0.0,6,1.0,True,False,False,True,11499:1;1499:1;199:1,99411:2;9941:2;199:2,21.0
Combined,Set1,1,Draw2,19,4,1,0.0,6,1.0,True,False,False,False,1199:1;114:1;119:1,1199:2;411:2;119:2,17.0
Combined,Set1,1,Draw3,0,4,1,0.0,4,1.0,True,True,True,False,499:1,994:4,21.0
Combined,Set1,1,Draw3,25,4,2,0.0,5,1.0,True,False,False,True,11499:1;1499:1;199:1,99411:2;9941:2;199:2,20.0
Combined,Set1,1,Draw3,9,4,2,0.0,1,1.0,True,True,False,True,046:1,064:3,20.0
Combined,Set1,1,Draw3,22,4,3,0.0,2,1.0,True,False,False,True,129:1,192:2,18.0
Combined,Set1,1,Draw3,19,4,1,0.0,5,1.0,True,False,False,False,1199:1;114:1;119:1,1199:2;411:2;119:2,16.0
Combined,Set1,1,Draw4,0,4,1,0.0,4,1.0,True,True,True,False,499:1,994:4,21.0
Combined,Set1,1,Draw4,22,4,4,0.0,4,1.0,False,False,False,True,12269:1;2467:1;246:1,92216:1;2467:1;246:1,19.0
Combined,Set1,1,Draw4,25,4,2,0.0,4,1.0,True,False,False,True,11499:1;1499:1;199:1,99411:2;9941:2;199:2,19.0
Combined,Set1,1,Draw4,19,4,3,0.0,4,1.0,True,False,False,False,1199:1;114:1;119:1,1199:2;411:2;119:2,17.0
Combined,Set1,1,Draw4,28,3,2,0.0,4,1.0,True,False,False,False,229:1;247:1,922:2;724:1,14.0
Combined,Set1,1,Draw4,20,1,1,0.0,4,1.0,False,False,False,False,226:1,622:1,7.0
Combined,Set1,1,Draw4,17,1,1,0.0,1,1.0,False,False,False,False,126:1,216:1,4.0
Combined,Set1,1,Draw5,12,4,2,0.0,3,1.0,True,False,False,True,259:2;245:2;2259:1,5922:2;5992:2;59924:2,18.0
Combined,Set1,1,Draw5,28,3,1,0.0,3,1.0,True,True,False,False,224:2;2249:1;229:1,224:6;9224:2;922:2,16.0
Combined,Set1,1,Draw5,15,3,1,0.0,3,1.0,True,True,False,False,599:1,599:3,16.0
Combined,Set1,1,Draw5,19,3,2,0.0,3,1.0,True,False,False,False,146:2;1469:2;114:1,411:2;9641:2;996411:1,13.0
Combined,Set1,1,Draw5,22,3,2,0.0,3,1.0,False,False,False,False,2246:2;124:2;269:2,6224:2;241:2;962:2,11.0
Combined,Set1,1,Draw5,6,3,1,0.0,2,1.0,True,False,False,False,016:1;115:1,016:2;115:1,11.0
Combined,Set1,1,Draw5,7,3,2,0.0,3,1.0,False,False,False,False,0226:1;017:1;026:1,2206:1;170:1;206:1,11.0
Combined,Set1,1,Draw5,31,2,1,0.0,3,1.0,True,False,False,False,2499:1;249:1;299:1,9924:2;924:2;992:2,10.0
Combined,Set1,1,Draw5,25,2,1,0.0,3,1.0,True,False,False,False,469:2;699:1;14699:1,996:2;964:2;99641:1,10.0
Combined,Set1,1,Draw5,9,3,1,0.0,3,1.0,False,False,False,False,159:2;5699:1;11599:1,159:2;5996:1;11599:1,10.0
Combined,Set1,1,Draw5,10,2,2,0.0,3,1.0,False,False,False,False,022:1;225:1,220:1;225:1,9.0
Combined,Set1,1,Draw5,17,3,2,0.0,1,1.0,False,False,False,False,167:1;126:1,167:1;162:1,9.0
Combined,Set1,1,Draw5,0,2,2,0.0,1,1.0,False,False,False,False,116:1,116:1,7.0
Combined,Set1,1,Draw5,20,1,1,0.0,3,1.0,False,False,False,False,226:2,622:2,6.0
Combined,Set1,1,Draw6,28,3,1,0.0,2,1.0,True,True,False,True,224:2;2249:1;229:1,224:6;9224:2;922:2,18.0
Combined,Set1,1,Draw6,5,4,2,0.0,2,1.0,True,True,False,False,5599:1;559:1;059:1,5599:3;559:3;590:1,18.0
Combined,Set1,1,Draw6,12,4,2,0.0,2,1.0,True,False,False,True,0224:2;024:2;245:2,55992:2;5922:2;59224:2,17.0
Combined,Set1,1,Draw6,15,3,1,0.0,2,1.0,True,True,False,False,599:1,599:3,15.0
Combined,Set1,1,Draw6,23,3,3,0.0,2,1.0,False,False,False,True,368:1;138:1,386:1;138:1,14.0
Combined,Set1,1,Draw6,19,3,2,0.0,2,1.0,True,False,False,False,146:2;114:1;114699:1,411:2;641:2;996411:1,12.0
Combined,Set1,1,Draw6,9,4,1,0.0,2,1.0,False,False,False,False,014:2;115599:1;0569:1,401:2;115599:1;5906:1,11.0
Combined,Set1,1,Draw6,22,3,2,0.0,2,1.0,False,False,False,False,2246:2;269:2;1124699:1,6224:2;962:2;9924116:1,10.0
Combined,Set1,1,Draw6,18,3,2,0.0,2,1.0,False,False,False,False,1368:1;168:1,1386:1;681:1,10.0
Combined,Set1,1,Draw6,7,3,2,0.0,2,1.0,False,False,False,False,0226:1;017:1;026:1,2206:1;170:1;206:1,10.0
Combined,Set1,1,Draw6,31,2,1,0.0,2,1.0,True,False,False,False,2499:1;249:1;299:1,9924:2;924:2;992:2,9.0
Combined,Set1,1,Draw6,25,2,1,0.0,2,1.0,True,False,False,False,699:1;14699:1;4699:1,996:2;99641:1;9964:1,9.0
Combined,Set1,1,Draw6,8,3,2,0.0,1,1.0,False,False,False,False,01368:1;0138:1;0368:1,01386:1;0138:1;0683:1,9.0
Combined,Set1,1,Draw6,21,3,1,0.0,1,1.0,False,False,False,False,13678:1;12368:1;22368:1,13867:1;18362:1;83622:1,8.0
Combined,Set1,1,Draw6,6,2,2,0.0,2,1.0,False,False,False,False,016:1;1155:1;115:1,016:1;1155:1;115:1,8.0
Combined,Set1,1,Draw6,30,2,1,0.0,2,1.0,False,False,False,False,3478:1;2234:1;347:1,8347:1;3224:1;347:1,7.0
Combined,Set1,1,Draw6,0,2,2,0.0,1,1.0,False,False,False,False,116:1,116:1,7.0
Combined,Set1,1,Draw6,11,1,1,0.0,2,1.0,False,False,False,False,02237:1;0237:1;0223:1,70322:1;7032:1;0322:1,5.0
Combined,Set1,1,Draw6,24,1,1,0.0,2,1.0,False,False,False,False,3468:1,6834:1,5.0
Combined,Set1,1,Draw6,2,1,1,0.0,2,1.0,False,False,False,False,015:1;155:1,105:1;155:1,5.0
Combined,Set1,1,Draw6,33,1,1,0.0,2,1.0,False,False,False,False,348:1,834:1,5.0
Combined,Set1,1,Draw6,10,1,1,0.0,2,1.0,False,False,False,False,225:1;022:1,225:1;220:1,5.0
Combined,Set1,1,Draw6,20,1,1,0.0,2,1.0,False,False,False,False,226:2,622:2,5.0
Combined,Set1,1,Draw6,3,1,1,0.0,2,1.0,False,False,False,False,255:1,255:1,5.0
Combined,Set1,1,Draw6,27,1,1,0.0,2,1.0,False,False,False,False,223:1,322:1,5.0
Combined,Set1,1,Draw7,28,4,2,0.0,1,0.0,True,True,False,True,224:3;2249:3;229:3,224:9;9224:4;922:4,19.0
Combined,Set1,1,Draw7,5,4,1,0.0,1,0.0,True,True,False,True,559:2;455:2;5599:1,559:6;5599:3;455:2,18.0
Combined,Set1,1,Draw7,15,3,1,0.0,1,0.0,True,True,False,False,599:1,599:3,13.0
Combined,Set1,1,Draw7,23,3,3,0.0,1,0.0,False,False,False,True,368:2;138:2,386:2;138:2,12.0
Combined,Set1,1,Draw7,12,4,2,0.0,1,0.0,True,False,False,False,02249:2;2559:2;0224:2,55992:2;5992:2;92240:2,12.0
Combined,Set1,1,Draw7,18,4,2,0.0,1,0.0,True,False,False,False,168:3;1368:2;668:1,866:2;1386:2;681:2,12.0
Combined,Set1,1,Draw7,20,4,2,0.0,1,0.0,False,False,False,False,226:3;2266:1;177:1,622:3;6622:1;771:1,10.0
Combined,Set1,1,Draw7,19,3,1,0.0,1,0.0,True,False,False,False,114:1;6699:1;1199:1,411:2;9966:1;1199:1,9.0
Combined,Set1,1,Draw7,10,3,1,0.0,1,0.0,True,False,False,False,225:2;077:1,770:2;225:2,9.0
Combined,Set1,1,Draw7,9,4,1,0.0,1,0.0,False,False,False,False,014:2;069:2;019:2,401:2;906:2;019:2,9.0
Combined,Set1,1,Draw7,24,3,2,0.0,1,0.0,False,False,False,False,13689:2;3468:2;1389:2,19836:2;6834:2;1983:2,8.0
Combined,Set1,1,Draw7,31,2,1,0.0,1,0.0,True,False,False,False,22499:1;299:1,99224:2;992:2,7.0
Combined,Set1,1,Draw7,22,3,1,0.0,1,0.0,False,False,False,False,2246:3;1122499:1;122499:1,6224:3;9922411:1;992241:1,7.0
Combined,Set1,1,Draw7,21,3,1,0.0,1,0.0,False,False,False,False,22368:2;2368:2;2236:2,83622:2;8362:2;3622:2,7.0
Combined,Set1,1,Draw7,8,3,1,0.0,1,0.0,False,False,False,False,01368:2;0138:2;0368:2,01386:2;0138:2;0683:2,7.0
Combined,Set1,1,Draw7,7,2,2,0.0,1,0.0,False,False,False,False,0177:1;017:1,1770:1;701:1,6.0
Combined,Set1,1,Draw7,30,2,1,0.0,1,0.0,False,False,False,False,22349:2;2239:2;2234:2,93224:2;9322:2;3224:2,5.0
Combined,Set1,1,Draw7,33,2,1,0.0,1,0.0,False,False,False,False,348:2;389:2,834:2;983:2,5.0
Combined,Set1,1,Draw7,25,2,1,0.0,1,0.0,False,False,False,False,699:1;199:1,996:1;199:1,5.0
Combined,Set1,1,Draw7,2,1,1,0.0,1,0.0,False,False,False,False,015:1;155:1,105:1;155:1,3.0
Combined,Set1,1,Draw7,6,1,1,0.0,1,0.0,False,False,False,False,1155:1;115:1,1155:1;115:1,3.0
Combined,Set1,1,Draw7,3,1,1,0.0,1,0.0,False,False,False,False,255:2,255:2,3.0
Combined,Set1,1,Draw7,27,1,1,0.0,1,0.0,False,False,False,False,223:2,322:2,3.0
Combined,Set1,1,Draw7,34,1,1,0.0,1,0.0,False,False,False,False,899:1,998:1,3.0
Combined,Set1,1,Draw7,17,1,1,0.0,1,0.0,False,False,False,False,266:1,662:1,3.0
Combined,Set1,1,Draw7,14,1,1,0.0,1,0.0,False,False,False,False,039:1,093:1,3.0
Combined,Set1,2,Draw1,0,4,2,0.0,6,1.0,True,True,True,False,499:1;449:1;4499:1,994:4;944:4;9944:4,24.0
Combined,Set1,2,Draw1,25,4,2,0.0,7,1.0,True,False,False,False,114499:1;14499:1;11449:1,994411:2;99441:2;94411:2,19.0
Combined,Set1,2,Draw1,19,4,1,0.0,7,1.0,True,False,False,False,1199:1;1144:1;114:1,1199:2;4411:2;411:2,18.0
Combined,Set1,2,Draw1,22,4,2,0.0,5,1.0,True,False,False,False,124:1,241:2,17.0
Combined,Set1,2,Draw2,0,4,2,0.0,6,1.0,True,True,True,False,499:1;449:1;4499:1,994:4;944:4;9944:4,24.0
Combined,Set1,2,Draw2,25,4,2,0.0,6,1.0,True,False,False,False,114499:1;14499:1;11449:1,994411:2;99441:2;94411:2,18.0
Combined,Set1,2,Draw2,19,4,1,0.0,6,1.0,True,False,False,False,1199:1;1144:1;114:1,1199:2;4411:2;411:2,17.0
Combined,Set1,2,Draw2,22,4,2,0.0,4,1.0,True,False,False,False,124:1,241:2,16.0
Combined,Set1,2,Draw3,0,4,2,0.0,4,1.0,True,True,True,False,499:1;449:1;4499:1,994:4;944:4;9944:4,22.0
Combined,Set1,2,Draw3,31,4,2,0.0,4,1.0,True,True,False,False,249:1,924:3,20.0
Combined,Set1,2,Draw3,19,4,3,0.0,5,1.0,True,False,False,False,1199:1;1144:1;114:1,1199:2;4411:2;411:2,18.0
Combined,Set1,2,Draw3,22,4,3,0.0,4,1.0,True,False,False,False,1249:1;129:1;124:1,1924:2;192:2;241:1,17.0
Combined,Set1,2,Draw3,25,4,2,0.0,5,1.0,True,False,False,False,114499:1;14499:1;11449:1,994411:2;99441:2;94411:2,17.0
Combined,Set1,2,Draw4,28,4,2,0.0,4,1.0,True,True,False,False,224:1;229:1;2249:1,224:3;922:2;9224:2,20.0
Combined,Set1,2,Draw4,34,3,1,0.0,3,1.0,True,True,False,False,344:1;344899:1;34899:1,344:3;998344:2;99834:2,16.0
Combined,Set1,2,Draw4,24,4,4,0.0,3,1.0,False,False,False,False,11344899:1;1134499:1;1134489:1,99441138:1;9944113:1;9441138:1,15.0
Combined,Set1,2,Draw4,19,4,1,0.0,4,1.0,True,False,False,False,1199:1;1144:1;114:1,1199:2;4411:2;411:2,15.0
Combined,Set1,2,Draw4,25,4,1,0.0,4,1.0,True,False,False,False,199:1;114499:1;144:1,199:2;441:2;994411:1,15.0
Combined,Set1,2,Draw4,22,4,2,0.0,4,1.0,False,False,False,False,124:2;12249:1;2466:1,241:2;92241:1;2664:1,14.0
Combined,Set1,2,Draw4,0,3,2,0.0,4,1.0,True,False,False,False,166:1;499:1;4499:1,166:2;994:1;9944:1,14.0
Combined,Set1,2,Draw4,17,4,3,0.0,3,1.0,False,False,False,False,1667:1;266:1;667:1,1667:1;266:1;667:1,14.0
Combined,Set1,2,Draw4,33,2,1,0.0,3,1.0,True,False,False,False,3899:1;389:1;3489:1,9983:2;983:2;9834:2,10.0
Combined,Set1,2,Draw4,18,2,2,0.0,3,1.0,False,False,False,False,168:1;1138:1;113:1,186:1;1138:1;113:1,9.0
Combined,Set1,2,Draw4,20,2,1,0.0,4,1.0,False,False,False,False,226:1;127:1,622:1;172:1,9.0
Combined,Set1,2,Draw4,23,1,1,0.0,2,1.0,False,False,False,False,138:1,138:1,5.0
Combined,Set1,2,Draw4,21,1,1,0.0,1,1.0,False,False,False,False,268:1,862:1,4.0
Combined,Set1,2,Draw5,15,4,1,0.0,3,1.0,True,True,False,False,445:2;599:1,599:3;445:2,18.0
Combined,Set1,2,Draw5,28,3,1,0.0,3,1.0,True,True,False,False,224:2;2244:1;2249:1,224:6;2244:3;9224:2,16.0
Combined,Set1,2,Draw5,31,3,1,0.0,3,1.0,True,True,False,False,244:2;22449:1;2499:1,244:6;92244:2;9924:1,16.0
Combined,Set1,2,Draw5,12,4,2,0.0,3,1.0,True,False,False,False,259:2;2445:2;2259:1,5922:2;59224:2;592:2,15.0
Combined,Set1,2,Draw5,6,4,1,0.0,2,1.0,True,False,False,False,011:1;115:1;066:1,011:2;115:1;066:1,13.0
Combined,Set1,2,Draw5,19,3,1,0.0,3,1.0,True,False,False,False,1144:1;114:1;1199:1,4411:2;411:2;1199:1,12.0
Combined,Set1,2,Draw5,25,3,1,0.0,3,1.0,True,False,False,False,144:2;699:1;199:1,441:4;996:1;199:1,12.0
Combined,Set1,2,Draw5,17,4,2,0.0,2,1.0,False,False,False,False,1667:1;117:1;1167:1,1667:1;711:1;6117:1,12.0
Combined,Set1,2,Draw5,23,3,3,0.0,2,1.0,False,False,False,False,368:1;138:1,386:1;138:1,11.0
Combined,Set1,2,Draw5,0,3,2,0.0,1,1.0,True,False,False,False,116:1;166:1,116:2;166:2,11.0
Combined,Set1,2,Draw5,7,3,2,0.0,3,1.0,False,False,False,False,0226:1;02266:1;0117:1,2206:1;22066:1;1170:1,11.0
Combined,Set1,2,Draw5,24,3,2,0.0,2,1.0,False,False,False,False,689:2;1134468:1;113448:1,968:2;4411386:1;441138:1,10.0
Combined,Set1,2,Draw5,22,3,1,0.0,3,1.0,False,False,False,False,2246:2;1244:2;1124499:1,6224:2;2441:2;9924411:1,10.0
Combined,Set1,2,Draw5,9,3,1,0.0,3,1.0,False,False,False,False,159:2;5699:1;11599:1,159:2;5996:1;11599:1,10.0
Combined,Set1,2,Draw5,10,2,2,0.0,3,1.0,False,False,False,False,022:1;225:1,220:1;225:1,9.0
Combined,Set1,2,Draw5,34,3,1,0.0,2,1.0,False,False,False,False,344:1;399:1;899:1,344:1;993:1;998:1,9.0
Combined,Set1,2,Draw5,18,2,2,0.0,2,1.0,False,False,False,False,168:2;11368:1;1138:1,11386:1;186:1;1138:1,8.0
Combined,Set1,2,Draw5,33,2,1,0.0,2,1.0,False,False,False,False,3448:1;3899:1;348:1,8344:1;9983:1;834:1,7.0
Combined,Set1,2,Draw5,20,1,1,0.0,3,1.0,False,False,False,False,226:2;2266:1,622:2;6622:1,6.0
Combined,Set1,2,Draw5,30,1,1,0.0,2,1.0,False,False,False,False,234499:1;23499:1;23449:1,993244:1;99324:1;93244:1,5.0
Combined,Set1,2,Draw5,21,1,1,0.0,2,1.0,False,False,False,False,2368:1;236:1;268:1,8362:1;362:1;862:1,5.0
Combined,Set1,2,Draw5,14,1,1,0.0,2,1.0,False,False,False,False,3599:1,5993:1,5.0
Combined,Set1,2,Draw5,8,1,1,0.0,1,1.0,False,False,False,False,11568:1;1158:1,68115:1;8115:1,4.0
Combined,Set1,2,Draw6,5,4,2,0.0,2,0.0,True,True,False,False,5599:1;559:1;059:1,5599:3;559:3;590:1,17.0
Combined,Set1,2,Draw6,15,4,1,0.0,2,0.0,True,True,False,False,445:2;599:1;044:1,599:3;445:2;440:1,16.0
Combined,Set1,2,Draw6,28,3,1,0.0,2,0.0,True,True,False,False,224:2;2244:1;2249:1,224:6;2244:3;9224:1,14.0
Combined,Set1,2,Draw6,31,3,1,0.0,2,0.0,True,True,False,False,244:2;22449:1;2499:1,244:6;92244:1;9924:1,14.0
Combined,Set1,2,Draw6,18,4,2,0.0,2,0.0,True,False,False,False,1368:3;168:3;11368:2,1386:3;681:3;668:2,13.0
Combined,Set1,2,Draw6,6,4,1,0.0,2,0.0,True,False,False,False,011:1;1155:1;115:1,011:2;1155:1;115:1,12.0
Combined,Set1,2,Draw6,23,3,3,0.0,2,0.0,False,False,False,False,368:3;138:3;3668:1,386:3;138:3;3866:1,10.0
Combined,Set1,2,Draw6,19,3,1,0.0,2,0.0,True,False,False,False,1144:1;114:1;1199:1,4411:2;411:2;1199:1,10.0
Combined,Set1,2,Draw6,25,3,1,0.0,2,0.0,True,False,False,False,144:2;699:1;199:1,441:3;996:1;199:1,10.0
Combined,Set1,2,Draw6,9,4,1,0.0,2,0.0,False,False,False,False,014:2;115599:1;0569:1,401:2;115599:1;5906:1,10.0
Combined,Set1,2,Draw6,8,4,2,0.0,1,0.0,False,False,False,False,01138:1;01368:1;11568:1,01138:1;01386:1;68115:1,10.0
Combined,Set1,2,Draw6,17,4,2,0.0,1,0.0,False,False,False,False,117:1;667:1;266:1,711:1;667:1;662:1,10.0
Combined,Set1,2,Draw6,24,3,2,0.0,2,0.0,False,False,False,False,3468:3;134468:2;34468:2,6834:3;683441:2;68344:2,9.0
Combined,Set1,2,Draw6,12,3,2,0.0,2,0.0,False,False,False,False,2445:2;22459:1;25599:1,2445:2;59224:1;55992:1,9.0
Combined,Set1,2,Draw6,7,3,2,0.0,2,0.0,False,False,False,False,0226:1;02266:1;0117:1,2206:1;22066:1;1170:1,9.0
Combined,Set1,2,Draw6,22,3,1,0.0,2,0.0,False,False,False,False,2246:2;1124499:1;124499:1,6224:2;9924411:1;992441:1,8.0
Combined,Set1,2,Draw6,21,3,1,0.0,1,0.0,False,False,False,False,2368:2;236:2;11223668:1,8362:2;362:2;11836622:1,7.0
Combined,Set1,2,Draw6,34,3,1,0.0,1,0.0,False,False,False,False,344:2;399:1;899:1,344:2;993:1;998:1,7.0
Combined,Set1,2,Draw6,30,2,1,0.0,2,0.0,False,False,False,False,2234:2;239:2;234499:1,3224:2;932:2;993244:1,6.0
Combined,Set1,2,Draw6,33,2,1,0.0,2,0.0,False,False,False,False,348:3;3448:2;389:2,834:3;8344:2;983:2,6.0
Combined,Set1,2,Draw6,11,1,1,0.0,2,0.0,False,False,False,False,02237:1;0237:1;0223:1,70322:1;7032:1;0322:1,4.0
Combined,Set1,2,Draw6,2,1,1,0.0,2,0.0,False,False,False,False,015:1;155:1,105:1;155:1,4.0
Combined,Set1,2,Draw6,10,1,1,0.0,2,0.0,False,False,False,False,225:1;022:1,225:1;220:1,4.0
Combined,Set1,2,Draw6,20,1,1,0.0,2,0.0,False,False,False,False,226:2;2266:1,622:2;6622:1,4.0
Combined,Set1,2,Draw6,3,1,1,0.0,2,0.0,False,False,False,False,255:1,255:1,4.0
Combined,Set1,2,Draw6,27,1,1,0.0,2,0.0,False,False,False,False,223:2,322:2,4.0
Combined,Set1,2,Draw6,14,1,1,0.0,1,0.0,False,False,False,False,3599:1,5993:1,3.0
Combined,Set1,3,Draw1,0,4,2,0.0,6,1.0,True,True,True,False,499:1;449:1;4499:1,994:4;944:4;9944:4,24.0
Combined,Set1,3,Draw1,18,4,3,0.0,5,1.0,True,False,False,False,1366:1;136:1;366:1,1366:2;136:2;366:2,18.0
Combined,Set1,3,Draw1,22,4,4,0.0,5,1.0,False,False,False,False,11447799:1;11246:1;114477:1,99441177:1;24116:1;441177:1,17.0
Combined,Set1,3,Draw1,17,4,2,0.0,5,1.0,True,False,False,False,1177:1;117:1;1126:1,1177:2;117:2;6112:1,17.0
Combined,Set1,3,Draw1,20,4,2,0.0,5,1.0,True,False,False,False,177:1,177:2,17.0
Combined,Set1,3,Draw1,19,3,2,0.0,7,1.0,True,False,False,False,114:2;1199:1;1144:1,411:3;1199:1;4411:1,17.0
Combined,Set1,3,Draw1,25,2,2,0.0,7,1.0,False,False,False,False,114499:1;14499:1;11449:1,994411:1;99441:1;94411:1,13.0
Combined,Set1,3,Draw1,31,2,2,0.0,5,1.0,False,False,False,False,447799:1;4477:1;44799:1,994477:1;4477:1;99447:1,11.0
Combined,Set1,3,Draw1,28,2,1,0.0,5,1.0,False,False,False,False,7799:1;477:1;779:1,7799:1;477:1;779:1,10.0
Combined,Set1,3,Draw2,0,4,2,0.0,6,1.0,True,True,True,False,499:1;449:1;4499:1,994:4;944:4;9944:4,24.0
Combined,Set1,3,Draw2,18,4,3,0.0,4,1.0,True,False,False,False,1366:1;136:1;366:1,1366:2;136:2;366:2,17.0
Combined,Set1,3,Draw2,22,4,4,0.0,4,1.0,False,False,False,False,11447799:1;11246:1;114477:1,99441177:1;24116:1;441177:1,16.0
Combined,Set1,3,Draw2,17,4,2,0.0,4,1.0,True,False,False,False,1177:1;117:1;1126:1,1177:2;117:2;6112:1,16.0
Combined,Set1,3,Draw2,20,4,2,0.0,4,1.0,True,False,False,False,177:1,177:2,16.0
Combined,Set1,3,Draw2,19,3,2,0.0,6,1.0,True,False,False,False,114:2;1199:1;1144:1,411:3;1199:1;4411:1,16.0
Combined,Set1,3,Draw2,25,2,2,0.0,6,1.0,False,False,False,False,114499:1;14499:1;11449:1,994411:1;99441:1;94411:1,12.0
Combined,Set1,3,Draw2,31,2,2,0.0,4,1.0,False,False,False,False,447799:1;44799:1;4477:1,994477:1;99447:1;4477:1,10.0
Combined,Set1,3,Draw2,28,2,1,0.0,4,1.0,False,False,False,False,477:1;7799:1;779:1,477:1;7799:1;779:1,9.0
Combined,Set1,3,Draw3,0,4,2,0.0,4,1.0,True,True,True,False,499:1;449:1;4499:1,994:4;944:4;9944:4,22.0
Combined,Set1,3,Draw3,19,4,2,0.0,5,1.0,True,False,False,False,1199:2;114:2;119:2,1199:3;411:3;119:3,17.0
Combined,Set1,3,Draw3,25,4,2,0.0,5,1.0,True,False,False,False,199:2;114499:1;699:1,199:3;996:2;994411:1,17.0
Combined,Set1,3,Draw3,22,4,4,0.0,4,1.0,False,False,False,False,1124699:1;11447799:1;112499:1,9924116:1;99441177:1;992411:1,16.0
Combined,Set1,3,Draw3,18,4,3,0.0,3,1.0,True,False,False,False,13668:1;1368:1;668:1,668:2;13866:1;1386:1,16.0
Combined,Set1,3,Draw3,24,4,4,0.0,3,1.0,False,False,False,False,134668:1;13468:1;1348:1,413866:1;41386:1;4138:1,15.0
Combined,Set1,3,Draw3,17,4,2,0.0,3,1.0,True,False,False,False,1177:1;117:1,1177:2;117:2,15.0
Combined,Set1,3,Draw3,20,4,2,0.0,3,1.0,True,False,False,False,177:1,177:2,15.0
Combined,Set1,3,Draw3,31,3,2,0.0,4,1.0,True,False,False,False,2499:1;249:1;299:1,9924:2;924:2;992:2,14.0
Combined,Set1,3,Draw3,23,4,3,0.0,3,1.0,False,False,False,False,3668:1;138:1;368:1,3866:1;138:1;386:1,14.0
Combined,Set1,3,Draw3,28,2,1,0.0,3,1.0,False,False,False,False,7799:1;477:1;779:1,7799:1;477:1;779:1,8.0
Combined,Set1,3,Draw3,33,1,1,0.0,3,1.0,False,False,False,False,348:1,834:1,6.0
Combined,Set1,3,Draw4,28,4,2,0.0,4,0.0,True,True,False,False,224:1;229:1;2249:1,224:3;922:2;9224:2,19.0
Combined,Set1,3,Draw4,34,3,1,0.0,3,0.0,True,True,False,False,899:2;344:1;344899:1,344:3;998:3;998344:2,15.0
Combined,Set1,3,Draw4,18,4,2,0.0,3,0.0,True,False,False,False,668:2;168:2;1668:2,866:2;668:2;11866:1,14.0
Combined,Set1,3,Draw4,17,4,2,0.0,3,0.0,True,False,False,False,266:2;1177:1;117:1,7711:2;711:2;266:1,14.0
Combined,Set1,3,Draw4,19,4,1,0.0,4,0.0,True,False,False,False,1199:2;114:2;119:2,1199:3;411:3;119:3,14.0
Combined,Set1,3,Draw4,25,4,1,0.0,4,0.0,True,False,False,False,199:2;114499:1;14499:1,199:3;994411:1;99441:1,14.0
Combined,Set1,3,Draw4,22,4,2,0.0,4,0.0,False,False,False,False,124:2;1122499:1;122499:1,241:2;9922411:1;992241:1,13.0
Combined,Set1,3,Draw4,20,3,2,0.0,4,0.0,True,False,False,False,177:1;226:1;2266:1,771:2;622:1;6622:1,13.0
Combined,Set1,3,Draw4,21,4,3,0.0,2,0.0,False,False,False,False,1378:2;2668:2;136678:1,138667:1;26683:1;183662:1,12.0
Combined,Set1,3,Draw4,24,4,2,0.0,3,0.0,False,False,False,False,11899:2;1899:2;11344899:1,1998:2;99441138:1;6681199:1,12.0
Combined,Set1,3,Draw4,31,3,2,0.0,2,0.0,True,False,False,False,22499:1;299:1;4477:1,99224:2;992:2;4477:1,11.0
Combined,Set1,3,Draw4,23,3,3,0.0,2,0.0,False,False,False,False,138:2;3668:1;368:1,138:2;3866:1;386:1,10.0
Combined,Set1,3,Draw4,33,2,1,0.0,3,0.0,True,False,False,False,348:2;3899:1;389:1,834:3;9983:2;983:2,9.0
Combined,Set1,3,Draw4,30,2,1,0.0,2,0.0,False,False,False,False,34477899:1;3447899:1;3447789:1,99834477:1;9983447:1;9834477:1,6.0
Combined,Set1,3,Draw4,0,1,1,0.0,4,0.0,False,False,False,False,499:1;4499:1;449:1,994:1;9944:1;944:1,6.0
Combined,Set1,3,Draw4,27,2,1,0.0,2,0.0,False,False,False,False,778:1;237:1,877:1;732:1,6.0
Combined,Set1,3,Draw4,29,1,1,0.0,2,0.0,False,False,False,False,3778:1;378:1,3877:1;387:1,4.0
Combined,Set1,3,Draw5,15,4,1,0.0,3,0.0,True,True,False,False,599:2;445:2,599:6;445:2,17.0
Combined,Set1,3,Draw5,28,4,1,0.0,3,0.0,True,True,False,False,224:2;2244:1;2249:1,224:6;2244:3;9224:2,17.0
Combined,Set1,3,Draw5,31,4,1,0.0,3,0.0,True,True,False,False,244:2;299:2;22449:1,244:6;992:3;92244:2,17.0
Combined,Set1,3,Draw5,12,4,2,0.0,3,0.0,True,False,False,False,2599:2;259:2;2445:2,5992:3;259:2;2445:2,14.0
Combined,Set1,3,Draw5,20,4,2,0.0,3,0.0,True,False,False,False,226:2;2266:2;177:1,771:2;622:2;6622:2,14.0
Combined,Set1,3,Draw5,18,4,2,0.0,2,0.0,True,False,False,False,1168:3;168:3;118:3,866:2;668:2;11386:2,13.0
Combined,Set1,3,Draw5,17,4,2,0.0,2,0.0,True,False,False,False,117:2;266:2;1177:1,711:3;7711:2;662:2,13.0
Combined,Set1,3,Draw5,6,4,1,0.0,2,0.0,True,False,False,False,011:1;066:1;115:1,011:2;066:1;115:1,12.0
Combined,Set1,3,Draw5,25,3,1,0.0,3,0.0,True,False,False,False,144:2;699:2;199:2,441:3;996:2;199:2,11.0
Combined,Set1,3,Draw5,19,3,1,0.0,3,0.0,True,False,False,False,1144:2;114:2;1199:2,4411:3;411:3;1199:2,11.0
Combined,Set1,3,Draw5,23,3,3,0.0,2,0.0,False,False,False,False,368:2;138:2;3668:1,386:2;138:2;3866:1,10.0
Combined,Set1,3,Draw5,8,4,2,0.0,1,0.0,False,False,False,False,01138:1;11568:1;03668:1,01138:1;68115:1;06683:1,10.0
Combined,Set1,3,Draw5,7,3,2,0.0,3,0.0,False,False,False,False,0226:1;02266:1;0117:1,2206:1;22066:1;1170:1,10.0
Combined,Set1,3,Draw5,22,3,1,0.0,3,0.0,False,False,False,False,2246:2;11244:2;22466:2,6224:2;24411:2;66224:2,9.0
Combined,Set1,3,Draw5,24,3,2,0.0,2,0.0,False,False,False,False,3468:2;11899:2;6899:2,6834:2;11998:2;1998:2,9.0
Combined,Set1,3,Draw5,9,3,1,0.0,3,0.0,False,False,False,False,5699:2;56699:1;11599:1,5996:2;59966:1;11599:1,9.0
Combined,Set1,3,Draw5,21,3,1,0.0,2,0.0,False,False,False,False,11678:2;1178:2;11223668:1,68117:2;8117:2;11836622:1,8.0
Combined,Set1,3,Draw5,34,3,1,0.0,2,0.0,False,False,False,False,899:2;344:1;399:1,998:2;344:1;993:1,8.0
Combined,Set1,3,Draw5,10,2,1,0.0,3,0.0,False,False,False,False,225:1;022:1;577:1,225:1;220:1;775:1,7.0
Combined,Set1,3,Draw5,30,2,1,0.0,2,0.0,False,False,False,False,234499:1;344778:1;23499:1,993244:1;834477:1;99324:1,6.0
Combined,Set1,3,Draw5,33,2,1,0.0,2,0.0,False,False,False,False,348:2;3448:1;3899:1,834:2;8344:1;9983:1,6.0
Combined,Set1,3,Draw5,14,1,1,0.0,2,0.0,False,False,False,False,3599:1,5993:1,4.0
Combined,Set1,3,Draw5,11,1,1,0.0,1,0.0,False,False,False,False,02237:1;0237:1;0223:1,70322:1;7032:1;0322:1,3.0
Combined,Set1,3,Draw5,27,1,1,0.0,1,0.0,False,False,False,False,223:1,322:1,3.0
Combined,Set1,4,Draw1,17,4,3,0.0,5,1.0,True,False,False,False,117:2;1177:1;1167:1,711:4;7711:2;1167:1,18.0
Combined,Set1,4,Draw1,34,3,1,0.0,4,1.0,True,True,False,False,34499:1;3499:1;3449:1,99344:3;9934:3;9344:3,17.0
Combined,Set1,4,Draw1,22,4,4,0.0,5,1.0,False,False,False,False,112467:1;117799:1;114477:1,241167:1;117799:1;447711:1,17.0
Combined,Set1,4,Draw1,18,4,2,0.0,5,1.0,True,False,False,False,1366:1;366:1;136:1,1366:2;366:2;136:2,17.0
Combined,Set1,4,Draw1,24,4,4,0.0,4,1.0,False,False,False,False,13466:1;1134499:1;1346:1,41366:1;9944113:1;4136:1,16.0
Combined,Set1,4,Draw1,0,3,2,0.0,6,1.0,True,False,False,False,116:1;499:1;4499:1,116:2;994:1;9944:1,16.0
Combined,Set1,4,Draw1,20,3,2,0.0,5,1.0,True,False,False,False,177:1;127:1,771:2;172:1,15.0
Combined,Set1,4,Draw1,25,2,1,0.0,7,1.0,False,False,False,False,114499:1;14499:1;11449:1,994411:1;99441:1;94411:1,12.0
Combined,Set1,4,Draw1,19,2,1,0.0,7,1.0,False,False,False,False,114:2;1199:1;1144:1,411:2;1199:1;4411:1,12.0
Combined,Set1,4,Draw1,30,2,2,0.0,4,1.0,False,False,False,False,3447799:1;344799:1;344779:1,9934477:1;993447:1;934477:1,10.0
Combined,Set1,4,Draw1,31,2,1,0.0,5,1.0,False,False,False,False,4477:1;447:1;799:1,4477:1;447:1;799:1,10.0
Combined,Set1,4,Draw1,28,2,1,0.0,5,1.0,False,False,False,False,7799:1;477:1;779:1,7799:1;477:1;779:1,10.0
Combined,Set1,4,Draw1,21,1,1,0.0,3,1.0,False,False,False,False,11377:1;1137:1;1377:1,11377:1;1137:1;1377:1,6.0
Combined,Set1,4,Draw1,27,1,1,0.0,3,1.0,False,False,False,False,377:1,377:1,6.0
Combined,Set1,4,Draw2,17,4,3,0.0,4,1.0,True,False,False,False,117:2;1177:1;1167:1,711:4;7711:2;1167:1,17.0
Combined,Set1,4,Draw2,34,3,1,0.0,3,1.0,True,True,False,False,34499:1;3499:1;3449:1,99344:3;9934:3;9344:3,16.0
Combined,Set1,4,Draw2,22,4,4,0.0,4,1.0,False,False,False,False,112467:1;117799:1;114477:1,241167:1;117799:1;447711:1,16.0
Combined,Set1,4,Draw2,0,3,2,0.0,6,1.0,True,False,False,False,116:1;499:1;4499:1,116:2;994:1;9944:1,16.0
Combined,Set1,4,Draw2,20,3,2,0.0,4,1.0,True,False,False,False,177:1;127:1,771:2;172:1,14.0
Combined,Set1,4,Draw2,18,3,2,0.0,4,1.0,True,False,False,False,1366:1;366:1;136:1,1366:2;366:2;136:2,14.0
Combined,Set1,4,Draw2,24,3,3,0.0,3,1.0,False,False,False,False,1134499:1;13466:1;113449:1,9944113:1;41366:1;944113:1,12.0
Combined,Set1,4,Draw2,25,2,1,0.0,6,1.0,False,False,False,False,114499:1;14499:1;11449:1,994411:1;99441:1;94411:1,11.0
Combined,Set1,4,Draw2,19,2,1,0.0,6,1.0,False,False,False,False,114:2;1199:1;1144:1,411:2;1199:1;4411:1,11.0
Combined,Set1,4,Draw2,30,2,2,0.0,3,1.0,False,False,False,False,3447799:1;344799:1;347799:1,9934477:1;993447:1;779934:1,9.0
Combined,Set1,4,Draw2,31,2,1,0.0,4,1.0,False,False,False,False,4477:1;447:1;799:1,4477:1;447:1;799:1,9.0
Combined,Set1,4,Draw2,28,2,1,0.0,4,1.0,False,False,False,False,477:1;7799:1;779:1,477:1;7799:1;779:1,9.0
Combined,Set1,4,Draw2,9,1,1,0.0,3,1.0,False,False,False,False,4566:1;456:1,6645:1;645:1,6.0
Combined,Set1,4,Draw2,21,1,1,0.0,1,1.0,False,False,False,False,11377:1;1137:1;1377:1,11377:1;1137:1;1377:1,4.0
Combined,Set1,4,Draw2,27,1,1,0.0,1,1.0,False,False,False,False,377:1,377:1,4.0
Combined,Set1,4,Draw3,34,3,1,0.0,2,0.0,True,True,False,False,344:2;34499:1;3499:1,344:5;99344:3;9934:3,14.0
Combined,Set1,4,Draw3,17,4,2,0.0,3,0.0,True,False,False,False,1177:2;117:2;1167:1,7711:4;711:4;1167:1,14.0
Combined,Set1,4,Draw3,20,4,2,0.0,3,0.0,True,False,False,False,177:2;677:1,771:4;677:1,14.0
Combined,Set1,4,Draw3,18,4,2,0.0,3,0.0,True,False,False,False,668:1;13668:1;1368:1,668:2;13866:1;1386:1,14.0
Combined,Set1,4,Draw3,31,3,2,0.0,4,0.0,True,False,False,False,799:2;2499:1;249:1,9924:2;924:2;992:2,13.0
Combined,Set1,4,Draw3,22,4,2,0.0,4,0.0,False,False,False,False,117799:2;11779:2;11477:2,117799:2;11779:2;47711:2,13.0
Combined,Set1,4,Draw3,25,3,1,0.0,5,0.0,True,False,False,False,144:2;199:2;699:1,441:3;996:2;199:2,13.0
Combined,Set1,4,Draw3,23,3,3,0.0,3,0.0,False,False,False,False,3668:1;368:1;138:1,3866:1;386:1;138:1,11.0
Combined,Set1,4,Draw3,24,3,2,0.0,3,0.0,False,False,False,False,134668:1;1134499:1;134468:1,413866:1;9944113:1;441386:1,10.0
Combined,Set1,4,Draw3,19,2,1,0.0,5,0.0,False,False,False,False,1199:2;114:2;119:2,1199:2;411:2;119:2,9.0
Combined,Set1,4,Draw3,0,2,2,0.0,4,0.0,False,False,False,False,499:1;4499:1;116:1,994:1;9944:1;116:1,9.0
Combined,Set1,4,Draw3,30,2,2,0.0,2,0.0,False,False,False,False,3447799:1;344799:1;344779:1,9934477:1;993447:1;934477:1,7.0
Combined,Set1,4,Draw3,28,2,1,0.0,3,0.0,False,False,False,False,7799:2;477:2;779:2,7799:2;477:2;779:2,7.0
Combined,Set1,4,Draw3,15,2,2,0.0,2,0.0,False,False,False,False,445:1,544:1,7.0
Combined,Set1,4,Draw3,33,1,1,0.0,3,0.0,False,False,False,False,348:1;3448:1,834:1;8344:1,5.0
Combined,Set1,4,Draw3,21,1,1,0.0,1,0.0,False,False,False,False,11377:1;1137:1;1377:1,11377:1;1137:1;1377:1,3.0
Combined,Set1,4,Draw3,27,1,1,0.0,1,0.0,False,False,False,False,377:1,377:1,3.0
Combined,Set1,4,Draw4,28,4,2,0.0,4,0.0,True,True,False,False,7799:2;477:2;779:2,224:3;922:2;9224:2,19.0
Combined,Set1,4,Draw4,31,4,2,0.0,2,0.0,True,True,False,False,447:2;799:2;244:1,244:3;99224:2;992:2,17.0
Combined,Set1,4,Draw4,33,3,1,0.0,3,0.0,True,True,False,False,3344:1;334:1;3899:1,3344:3;334:3;9983:2,15.0
Combined,Set1,4,Draw4,34,3,1,0.0,3,0.0,True,True,False,False,344:2;899:2;33499:1,344:4;998:3;99334:1,15.0
Combined,Set1,4,Draw4,20,4,2,0.0,4,0.0,True,False,False,False,177:2;226:1;2266:1,771:4;622:1;6622:1,15.0
Combined,Set1,4,Draw4,18,4,2,0.0,3,0.0,True,False,False,False,668:2;168:2;1668:2,866:2;668:2;11866:1,14.0
Combined,Set1,4,Draw4,17,4,2,0.0,3,0.0,True,False,False,False,1177:2;117:2;667:2,7711:4;711:4;667:2,14.0
Combined,Set1,4,Draw4,22,4,2,0.0,4,0.0,False,False,False,False,117799:2;11779:2;11477:2,117799:2;11779:2;47711:2,13.0
Combined,Set1,4,Draw4,0,3,2,0.0,4,0.0,True,False,False,False,338:1;499:1;4499:1,833:2;994:1;9944:1,13.0
Combined,Set1,4,Draw4,24,3,2,0.0,3,0.0,False,False,False,False,11899:2;1899:2;1134499:1,11998:2;1998:2;9944113:1,10.0
Combined,Set1,4,Draw4,23,3,3,0.0,2,0.0,False,False,False,False,3668:1;368:1;11338:1,3866:1;386:1;11338:1,10.0
Combined,Set1,4,Draw4,25,3,1,0.0,4,0.0,False,False,False,False,199:2;114499:1;14499:1,199:2;994411:1;99441:1,10.0
Combined,Set1,4,Draw4,19,3,1,0.0,4,0.0,False,False,False,False,1199:2;114:2;119:2,1199:2;411:2;119:2,10.0
Combined,Set1,4,Draw4,21,3,2,0.0,2,0.0,False,False,False,False,16678:2;11778:2;1178:2,81177:2;8117:2;8667:2,9.0
Combined,Set1,4,Draw4,8,3,2,0.0,1,0.0,False,False,False,False,01368:1;0138:1;03668:1,01386:1;0138:1;06683:1,8.0
Combined,Set1,4,Draw4,30,2,1,0.0,2,0.0,False,False,False,False,3447:2;34477:1;37799:1,3447:2;34477:1;77993:1,6.0
Combined,Set1,4,Draw4,12,2,2,0.0,1,0.0,False,False,False,False,2445:1;0244:1;245:1,5244:1;2440:1;524:1,6.0
Combined,Set1,4,Draw4,7,2,2,0.0,1,0.0,False,False,False,False,017:1,170:1,6.0
Combined,Set1,4,Draw4,15,2,1,0.0,1,0.0,False,False,False,False,044:1;445:1,440:1;445:1,5.0
Combined,Set1,4,Draw4,29,1,1,0.0,2,0.0,False,False,False,False,3778:1;3378:1;378:1,3877:1;3387:1;387:1,4.0
Combined,Set1,4,Draw4,27,1,1,0.0,2,0.0,False,False,False,False,778:1,877:1,4.0
Combined,Set1,4,Draw4,9,1,1,0.0,1,0.0,False,False,False,False,0144:1;014:1,4401:1;401:1,3.0
Combined,Set1,4,Draw4,6,1,1,0.0,1,0.0,False,False,False,False,066:1,066:1,3.0
Combined,Set1,5,Draw1,34,3,1,0.0,4,1.0,True,True,False,False,3499:2;399:2;349:2,993:5;9934:4;934:4,17.0
Combined,Set1,5,Draw1,17,4,2,0.0,5,1.0,True,False,False,False,117:2;1177:1;667:1,711:4;7711:2;667:1,17.0
Combined,Set1,5,Draw1,18,4,2,0.0,5,1.0,True,False,False,False,113:2;366:1;1138:1,366:2;113:2;1138:1,17.0
Combined,Set1,5,Draw1,20,3,2,0.0,5,1.0,True,False,False,False,177:1,771:2,15.0
Combined,Set1,5,Draw1,22,4,2,0.0,5,1.0,False,False,False,False,147:2;117799:1;114477:1,471:2;117799:1;447711:1,15.0
Combined,Set1,5,Draw1,21,4,3,0.0,3,1.0,False,False,False,False,1137:2;137:2;113678:1,113867:1;6811732:1;81173:1,14.0
Combined,Set1,5,Draw1,25,3,1,0.0,7,1.0,False,False,False,False,199:2;114499:1;14499:1,199:2;994411:1;99441:1,14.0
Combined,Set1,5,Draw1,19,3,1,0.0,7,1.0,False,False,False,False,114:2;1199:1;1144:1,411:2;1199:1;4411:1,14.0
Combined,Set1,5,Draw1,24,3,2,0.0,4,1.0,False,False,False,False,13499:2;1134:2;1399:2,4113:2;1993:2;9944113:1,12.0
Combined,Set1,5,Draw1,23,3,3,0.0,3,1.0,False,False,False,False,368:1;138:1,386:1;138:1,12.0
Combined,Set1,5,Draw1,0,2,1,0.0,6,1.0,False,False,False,False,499:2;4499:1;449:1,994:2;9944:1;944:1,11.0
Combined,Set1,5,Draw1,30,2,2,0.0,4,1.0,False,False,False,False,34799:2;3799:2;347:2,79934:2;7993:2;347:2,10.0
Combined,Set1,5,Draw1,31,2,1,0.0,5,1.0,False,False,False,False,799:2;4477:1;447:1,799:2;4477:1;447:1,10.0
Combined,Set1,5,Draw1,28,2,1,0.0,5,1.0,False,False,False,False,7799:1;477:1;779:1,7799:1;477:1;779:1,10.0
Combined,Set1,5,Draw1,27,2,1,0.0,3,1.0,False,False,False,False,377:1;237:1,377:1;732:1,8.0
Combined,Set1,5,Draw1,33,1,1,0.0,1,1.0,False,False,False,False,348:1,834:1,4.0
Combined,Set1,5,Draw2,34,3,1,0.0,3,0.0,True,True,False,False,399:2;3499:2;349:2,344:3;993:3;998344:2,15.0
Combined,Set1,5,Draw2,17,4,2,0.0,4,0.0,True,False,False,False,117:2;1177:1;1667:1,711:4;7711:2;6617:1,15.0
Combined,Set1,5,Draw2,18,4,2,0.0,4,0.0,True,False,False,False,1138:2;118:2;113:2,366:2;1138:2;811:2,15.0
Combined,Set1,5,Draw2,15,3,1,0.0,2,0.0,True,True,False,False,599:1;4599:1,599:3;5994:1,14.0
Combined,Set1,5,Draw2,20,3,2,0.0,4,0.0,True,False,False,False,177:1,771:2,13.0
Combined,Set1,5,Draw2,22,4,2,0.0,4,0.0,False,False,False,False,147:2;117799:1;114477:1,471:2;117799:1;447711:1,13.0
Combined,Set1,5,Draw2,25,3,1,0.0,6,0.0,False,False,False,False,199:2;114499:1;14499:1,199:2;994411:1;99441:1,12.0
Combined,Set1,5,Draw2,19,3,1,0.0,6,0.0,False,False,False,False,114:2;1199:1;1144:1,411:2;1199:1;4411:1,12.0
Combined,Set1,5,Draw2,24,3,2,0.0,3,0.0,False,False,False,False,11348:2;1134:2;11344899:1,41138:2;4113:2;99441138:1,10.0
Combined,Set1,5,Draw2,23,3,3,0.0,2,0.0,False,False,False,False,138:2;368:1,138:2;386:1,10.0
Combined,Set1,5,Draw2,0,2,1,0.0,6,0.0,False,False,False,False,499:2;4499:1;449:1,994:2;9944:1;944:1,10.0
Combined,Set1,5,Draw2,21,3,2,0.0,2,0.0,False,False,False,False,11378:2;1178:2;113678:1,8117:2;113867:1;7118362:1,9.0
Combined,Set1,5,Draw2,9,3,1,0.0,3,0.0,False,False,False,False,14599:1;56699:1;4566:1,59941:1;59966:1;6645:1,9.0
Combined,Set1,5,Draw2,12,3,2,0.0,2,0.0,False,False,False,False,245:1;5799:1;579:1,524:1;7599:1;759:1,9.0
Combined,Set1,5,Draw2,33,2,1,0.0,2,0.0,True,False,False,False,348:2;3899:1;3489:1,834:3;9983:2;9834:2,8.0
Combined,Set1,5,Draw2,31,2,1,0.0,4,0.0,False,False,False,False,4477:1;447:1;799:1,4477:1;447:1;799:1,8.0
Combined,Set1,5,Draw2,28,2,1,0.0,4,0.0,False,False,False,False,477:1;7799:1;779:1,477:1;7799:1;779:1,8.0
Combined,Set1,5,Draw2,30,2,1,0.0,3,0.0,False,False,False,False,347:2;34477899:1;3447899:1,347:2;99834477:1;9983447:1,7.0
Combined,Set1,5,Draw2,29,1,1,0.0,2,0.0,False,False,False,False,3778:1;378:1,3877:1;387:1,4.0
Combined,Set1,5,Draw2,14,1,1,0.0,2,0.0,False,False,False,False,34599:1;3599:1,59934:1;5993:1,4.0
Combined,Set1,5,Draw2,7,1,1,0.0,2,0.0,False,False,False,False,157:2;1157:1,175:2;1175:1,4.0
Combined,Set1,5,Draw2,27,1,1,0.0,2,0.0,False,False,False,False,778:1,877:1,4.0
Combined,Set1,5,Draw3,31,4,2,0.0,4,0.0,True,True,False,False,2499:2;249:2;299:2,244:3;9924:2;924:2,19.0
Combined,Set1,5,Draw3,15,4,1,0.0,2,0.0,True,True,False,False,599:2;4599:1;445:1,599:6;5994:1;445:1,16.0
Combined,Set1,5,Draw3,17,4,2,0.0,3,0.0,True,False,False,False,1177:2;117:2;667:1,7711:4;711:4;667:1,14.0
Combined,Set1,5,Draw3,20,4,2,0.0,3,0.0,True,False,False,False,177:2;677:2,771:4;677:2,14.0
Combined,Set1,5,Draw3,18,4,2,0.0,3,0.0,True,False,False,False,1368:3;168:3;11368:2,1386:3;681:3;668:2,14.0
Combined,Set1,5,Draw3,22,4,2,0.0,4,0.0,False,False,False,False,117799:2;11779:2;11477:2,47711:2;71199:2;4771:2,13.0
Combined,Set1,5,Draw3,23,3,3,0.0,3,0.0,False,False,False,False,368:3;138:3;3668:1,386:3;138:3;3866:1,11.0
Combined,Set1,5,Draw3,19,3,1,0.0,5,0.0,False,False,False,False,1199:2;114:2;119:2,1199:2;411:2;119:2,11.0
Combined,Set1,5,Draw3,25,3,1,0.0,5,0.0,False,False,False,False,199:3;699:3;144:2,199:3;996:3;441:2,11.0
Combined,Set1,5,Draw3,24,3,2,0.0,3,0.0,False,False,False,False,36899:3;136899:3;3468:3,199836:3;6834:3;19983:3,10.0
Combined,Set1,5,Draw3,34,3,1,0.0,2,0.0,True,False,False,False,399:3;899:3;344:2,344:3;993:3;998:3,10.0
Combined,Set1,5,Draw3,12,4,2,0.0,1,0.0,False,False,False,False,5799:2;579:2;24599:1,7599:2;759:2;59924:1,10.0
Combined,Set1,5,Draw3,21,3,1,0.0,1,0.0,False,False,False,False,1136778:2;113678:2;136778:2,1138677:2;113867:2;138677:2,7.0
Combined,Set1,5,Draw3,28,2,1,0.0,3,0.0,False,False,False,False,477:2;7799:1;779:1,477:2;7799:1;779:1,7.0
Combined,Set1,5,Draw3,33,2,1,0.0,3,0.0,False,False,False,False,348:3;3899:3;389:3,834:3;9983:3;983:3,7.0
Combined,Set1,5,Draw3,30,2,1,0.0,2,0.0,False,False,False,False,23499:2;34478:2;2349:2,99324:2;83447:2;9324:2,6.0
Combined,Set1,5,Draw3,14,1,1,0.0,1,0.0,False,False,False,False,3599:2;34599:1,5993:2;59934:1,3.0
Combined,Set1,5,Draw3,7,1,1,0.0,1,0.0,False,False,False,False,11577:1;1577:1;157:1,11775:1;1775:1;175:1,3.0
Combined,Set1,5,Draw3,0,1,1,0.0,1,0.0,False,False,False,False,4499:1;499:1;449:1,9944:1;994:1;944:1,3.0
Combined,Set1,5,Draw3,9,1,1,0.0,1,0.0,False,False,False,False,5699:2;56699:1,5996:2;59966:1,3.0
Combined,Set1,5,Draw3,10,1,1,0.0,1,0.0,False,False,False,False,577:1,775:1,3.0
Combined,Set1,6,Draw1,34,3,1,0.0,4,0.0,True,True,False,False,399:2;34499:1;3499:1,993:4;99344:3;9934:3,16.0
Combined,Set1,6,Draw1,17,4,2,0.0,5,0.0,True,False,False,False,117:2;1177:1;667:1,711:4;7711:2;667:1,16.0
Combined,Set1,6,Draw1,18,4,2,0.0,5,0.0,True,False,False,False,168:2;113:2;113368:1,668:2;681:2;113:2,16.0
Combined,Set1,6,Draw1,0,3,2,0.0,6,0.0,True,False,False,False,338:2;499:2;4499:1,833:4;994:2;9944:1,15.0
Combined,Set1,6,Draw1,15,3,1,0.0,2,0.0,True,True,False,False,599:1;4599:1,599:3;5994:1,14.0
Combined,Set1,6,Draw1,20,3,2,0.0,5,0.0,True,False,False,False,177:1,771:2,14.0
Combined,Set1,6,Draw1,22,4,2,0.0,5,0.0,False,False,False,False,147:2;117799:1;114477:1,471:2;117799:1;447711:1,14.0
Combined,Set1,6,Draw1,21,4,3,0.0,3,0.0,False,False,False,False,1137:2;137:2;1133678:1,1133867:1;81173:1;811733:1,13.0
Combined,Set1,6,Draw1,25,3,1,0.0,7,0.0,False,False,False,False,199:2;114499:1;14499:1,199:2;994411:1;99441:1,13.0
Combined,Set1,6,Draw1,19,3,1,0.0,7,0.0,False,False,False,False,114:2;1199:1;1144:1,411:2;1199:1;4411:1,13.0
Combined,Set1,6,Draw1,24,3,2,0.0,4,0.0,False,False,False,False,13499:2;33468:2;1134:2,68334:2;4113:2;9944113:1,11.0
Combined,Set1,6,Draw1,23,3,3,0.0,3,0.0,False,False,False,False,3368:2;13368:2;1338:2,3386:2;13386:2;1338:2,11.0
Combined,Set1,6,Draw1,33,3,1,0.0,2,0.0,True,False,False,False,334:2;3348:2;33899:1,334:3;8334:2;99833:1,10.0
Combined,Set1,6,Draw1,30,2,2,0.0,4,0.0,False,False,False,False,33478:2;3347:2;347:2,83347:2;3347:2;347:2,9.0
Combined,Set1,6,Draw1,31,2,1,0.0,5,0.0,False,False,False,False,4477:1;447:1;799:1,4477:1;447:1;799:1,9.0
Combined,Set1,6,Draw1,28,2,1,0.0,5,0.0,False,False,False,False,7799:1;477:1;779:1,7799:1;477:1;779:1,9.0
Combined,Set1,6,Draw1,9,3,1,0.0,2,0.0,False,False,False,False,14599:1;56699:1;5699:1,59941:1;59966:1;5996:1,8.0
Combined,Set1,6,Draw1,27,1,1,0.0,3,0.0,False,False,False,False,377:1,377:1,5.0
Combined,Set1,6,Draw1,14,1,1,0.0,2,0.0,False,False,False,False,334599:1;33599:1;3599:1,599334:1;59933:1;5993:1,4.0
Combined,Set1,6,Draw1,12,1,1,0.0,2,0.0,False,False,False,False,5799:1;579:1,7599:1;759:1,4.0
Combined,Set1,6,Draw1,29,1,1,0.0,2,0.0,False,False,False,False,233:1;337:1,332:1;733:1,4.0
Combined,Set1,6,Draw1,7,1,1,0.0,2,0.0,False,False,False,False,157:1,175:1,4.0
Combined,Set1,6,Draw2,15,4,1,0.0,2,0.0,True,True,False,False,599:2;4599:2;445:1,599:6;5994:2;445:1,16.0
Combined,Set1,6,Draw2,5,4,1,0.0,1,0.0,True,True,False,False,5599:1;559:1;455:1,5599:3;559:3;455:1,15.0
Combined,Set1,6,Draw2,34,3,1,0.0,3,0.0,True,True,False,False,899:2;399:2;344:1,344:3;998:3;998344:2,15.0
Combined,Set1,6,Draw2,17,4,2,0.0,4,0.0,True,False,False,False,117:2;1177:1;667:1,711:3;7711:2;667:1,15.0
Combined,Set1,6,Draw2,0,3,2,0.0,6,0.0,True,False,False,False,338:2;499:2;4499:1,833:4;994:2;9944:1,15.0
Combined,Set1,6,Draw2,18,4,2,0.0,4,0.0,True,False,False,False,1138:2;168:2;118:2,668:2;681:2;811:2,15.0
Combined,Set1,6,Draw2,20,3,2,0.0,4,0.0,True,False,False,False,177:1,771:2,13.0
Combined,Set1,6,Draw2,25,3,1,0.0,6,0.0,False,False,False,False,199:2;114499:1;14499:1,199:2;994411:1;99441:1,12.0
Combined,Set1,6,Draw2,19,3,1,0.0,6,0.0,False,False,False,False,1199:1;1144:1;114:1,1199:1;4411:1;411:1,12.0
Combined,Set1,6,Draw2,24,3,2,0.0,3,0.0,False,False,False,False,13899:2;33468:2;1899:2,19983:2;68334:2;1998:2,10.0
Combined,Set1,6,Draw2,33,3,1,0.0,2,0.0,True,False,False,False,3899:2;389:2;334:2,9983:3;983:3;334:3,10.0
Combined,Set1,6,Draw2,23,3,3,0.0,2,0.0,False,False,False,False,3368:2;13368:2;1338:2,3386:2;13386:2;1338:2,10.0
Combined,Set1,6,Draw2,9,3,1,0.0,3,0.0,False,False,False,False,14599:1;56699:1;4566:1,59941:1;59966:1;6645:1,9.0
Combined,Set1,6,Draw2,12,3,2,0.0,2,0.0,False,False,False,False,245:1;57799:1;5779:1,524:1;77599:1;7759:1,9.0
Combined,Set1,6,Draw2,22,2,1,0.0,4,0.0,False,False,False,False,147:2;114477:1;117799:1,471:2;447711:1;771199:1,8.0
Combined,Set1,6,Draw2,21,3,1,0.0,2,0.0,False,False,False,False,1178:2;1133678:1;1123368:1,8117:2;1133867:1;1183362:1,8.0
Combined,Set1,6,Draw2,30,2,1,0.0,3,0.0,False,False,False,False,33478:2;3347:2;347:2,83347:2;3347:2;347:2,7.0
Combined,Set1,6,Draw2,6,2,1,0.0,1,0.0,True,False,False,False,011:1,011:2,7.0
Combined,Set1,6,Draw2,8,3,1,0.0,1,0.0,False,False,False,False,01138:1;01133:1;0368:1,01183:1;01133:1;0683:1,7.0
Combined,Set1,6,Draw2,7,2,2,0.0,2,0.0,False,False,False,False,0117:1;11577:1;017:1,1170:1;11775:1;170:1,7.0
Combined,Set1,6,Draw2,31,1,1,0.0,4,0.0,False,False,False,False,4477:1;447:1,4477:1;447:1,6.0
Combined,Set1,6,Draw2,29,2,1,0.0,2,0.0,False,False,False,False,3778:1;378:1;233:1,3877:1;387:1;332:1,6.0
Combined,Set1,6,Draw2,28,1,1,0.0,4,0.0,False,False,False,False,477:1,477:1,6.0
Combined,Set1,6,Draw2,14,1,1,0.0,2,0.0,False,False,False,False,3599:2;334599:1;34599:1,5993:2;599334:1;59934:1,4.0
Combined,Set1,6,Draw2,27,1,1,0.0,2,0.0,False,False,False,False,778:1,877:1,4.0
Combined,Set1,6,Draw2,10,1,1,0.0,1,0.0,False,False,False,False,577:1,775:1,3.0
Combined,Set1,7,Draw1,31,4,2,0.0,5,0.0,True,True,False,False,244:2;447:2;4477:1,244:6;447:2;4477:1,20.0
Combined,Set1,7,Draw1,15,4,1,0.0,2,0.0,True,True,False,False,599:1;4599:1;445:1,599:3;5994:1;445:1,16.0
Combined,Set1,7,Draw1,17,4,2,0.0,5,0.0,True,False,False,False,117:3;1177:1;1167:1,711:6;7711:2;6117:1,16.0
Combined,Set1,7,Draw1,20,4,2,0.0,5,0.0,True,False,False,False,177:1;677:1,771:2;677:1,16.0
Combined,Set1,7,Draw1,18,4,2,0.0,5,0.0,True,False,False,False,113:3;113368:2;1168:2,113:3;113386:2;668:2,16.0
Combined,Set1,7,Draw1,22,4,2,0.0,5,0.0,False,False,False,False,11799:2;1179:2;1147:2,71199:2;7119:2;4711:2,14.0
Combined,Set1,7,Draw1,0,4,2,0.0,3,0.0,True,False,False,False,338:2;499:1;116:1,833:4;994:1;611:1,14.0
Combined,Set1,7,Draw1,19,3,1,0.0,7,0.0,False,False,False,False,114:3;1199:2;1144:2,411:3;1199:2;4411:2,13.0
Combined,Set1,7,Draw1,25,3,1,0.0,7,0.0,False,False,False,False,199:2;144:2;699:2,199:2;441:2;996:2,13.0
Combined,Set1,7,Draw1,34,3,1,0.0,4,0.0,True,False,False,False,399:2;344:2;33499:1,993:3;344:2;99334:1,12.0
Combined,Set1,7,Draw1,23,3,3,0.0,3,0.0,False,False,False,False,3368:2;11338:2;13368:2,3386:2;11338:2;13386:2,11.0
Combined,Set1,7,Draw1,24,3,2,0.0,4,0.0,False,False,False,False,1134:3;1133468:2;113348:2,4113:3;4113386:2;411338:2,11.0
Combined,Set1,7,Draw1,21,3,2,0.0,3,0.0,False,False,False,False,11678:2;1178:2;236:2,68117:2;8117:2;362:2,10.0
Combined,Set1,7,Draw1,33,3,1,0.0,2,0.0,True,False,False,False,334:2;3348:2;33899:1,334:3;8334:2;99833:1,10.0
Combined,Set1,7,Draw1,28,2,1,0.0,5,0.0,False,False,False,False,7799:1;477:1;779:1,7799:1;477:1;779:1,9.0
Combined,Set1,7,Draw1,12,3,2,0.0,2,0.0,False,False,False,False,2445:1;5799:1;579:1,5244:1;7599:1;759:1,9.0
Combined,Set1,7,Draw1,30,2,1,0.0,4,0.0,False,False,False,False,3447:2;234:2;2344:2,3447:2;324:2;3244:2,8.0
Combined,Set1,7,Draw1,9,3,1,0.0,2,0.0,False,False,False,False,14599:1;56699:1;5699:1,59941:1;59966:1;5996:1,8.0
Combined,Set1,7,Draw1,14,1,1,0.0,2,0.0,False,False,False,False,334599:1;33599:1;3599:1,599334:1;59933:1;5993:1,4.0
Combined,Set1,7,Draw1,7,1,1,0.0,2,0.0,False,False,False,False,1157:2;157:2,1175:2;175:2,4.0
Combined,Set1,7,Draw1,29,1,1,0.0,2,0.0,False,False,False,False,233:1,332:1,4.0
Combined,Set2,1,Draw1,0,4,1,0.0,5,1.0,True,True,True,False,499:1;449:1;4499:1,994:4;944:4;9944:4,22.0
Combined,Set2,1,Draw1,25,4,2,0.0,7,1.0,True,False,False,True,114499:1;14499:1;11449:1,994411:2;99441:2;94411:2,22.0
Combined,Set2,1,Draw1,22,4,2,0.0,5,1.0,True,False,False,True,124:1,241:2,20.0
Combined,Set2,1,Draw1,19,4,1,0.0,7,1.0,True,False,False,False,1199:1;1144:1;119:1,1199:2;4411:2;119:2,18.0
Combined,Set2,1,Draw1,6,4,2,0.0,1,1.0,True,False,False,True,016:1,016:2,16.0
Combined,Set2,2,Draw1,0,4,2,0.0,5,1.0,True,True,True,False,499:1;449:1;4499:1,994:4;944:4;9944:4,23.0
Combined,Set2,2,Draw1,22,4,4,0.0,6,1.0,False,False,False,False,11246:1;1144799:1;11447:1,24116:1;9944117:1;44117:1,18.0
Combined,Set2,2,Draw1,17,4,2,0.0,6,1.0,True,False,False,False,117:1;1126:1;126:1,117:2;6112:1;162:1,18.0
Combined,Set2,2,Draw1,19,3,2,0.0,7,1.0,True,False,False,False,114:2;1199:1;1144:1,411:3;1199:1;4411:1,17.0
Combined,Set2,2,Draw1,18,4,3,0.0,3,1.0,True,False,False,False,136:1,136:2,16.0
Combined,Set2,2,Draw1,25,2,2,0.0,7,1.0,False,False,False,False,114499:1;14499:1;11449:1,994411:1;99441:1;94411:1,13.0
Combined,Set2,2,Draw1,31,2,2,0.0,6,1.0,False,False,False,False,447:1;44799:1;799:1,447:1;99447:1;799:1,12.0
Combined,Set2,3,Draw1,17,4,3,0.0,6,1.0,True,False,False,False,117:2;1167:1;11267:1,711:4;1167:1;61172:1,19.0
Combined,Set2,3,Draw1,34,3,1,0.0,5,1.0,True,True,False,False,34499:1;3499:1;3449:1,99344:3;9934:3;9344:3,18.0
Combined,Set2,3,Draw1,22,4,4,0.0,6,1.0,False,False,False,False,1147:2;147:2;112467:1,4711:2;471:2;241167:1,18.0
Combined,Set2,3,Draw1,24,4,4,0.0,5,1.0,False,False,False,False,1346:1;1134499:1;113449:1,4136:1;9944113:1;944113:1,17.0
Combined,Set2,3,Draw1,0,3,2,0.0,5,1.0,True,False,False,False,116:1;4499:1;499:1,116:2;9944:1;994:1,15.0
Combined,Set2,3,Draw1,18,3,2,0.0,5,1.0,True,False,False,False,136:1;113:1,136:2;113:1,15.0
Combined,Set2,3,Draw1,25,2,1,0.0,7,1.0,False,False,False,False,114499:1;14499:1;11449:1,994411:1;99441:1;94411:1,12.0
Combined,Set2,3,Draw1,19,2,1,0.0,7,1.0,False,False,False,False,114:2;1199:1;1144:1,411:2;1199:1;4411:1,12.0
Combined,Set2,3,Draw1,30,2,2,0.0,5,1.0,False,False,False,False,344799:1;34479:1;3447:1,993447:1;93447:1;3447:1,11.0
Combined,Set2,3,Draw1,31,2,1,0.0,6,1.0,False,False,False,False,447:1;799:1,447:1;799:1,11.0
Combined,Set2,3,Draw1,21,1,1,0.0,4,1.0,False,False,False,False,1137:1;137:1,1137:1;137:1,7.0
Combined,Set2,3,Draw1,20,1,1,0.0,2,1.0,False,False,False,False,127:1,172:1,5.0
Combined,Set2,3,Draw1,28,1,1,0.0,2,1.0,False,False,False,False,247:1,724:1,5.0
Combined,Set2,4,Draw1,17,4,3,0.0,6,1.0,True,False,False,False,117:2;167:2;1167:1,711:4;1167:1;61172:1,19.0
Combined,Set2,4,Draw1,34,3,1,0.0,5,1.0,True,True,False,False,349:2;34499:1;3499:1,934:4;99344:3;9934:3,18.0
Combined,Set2,4,Draw1,22,4,4,0.0,6,1.0,False,False,False,False,147:3;1147:2;179:2,471:3;4711:2;179:2,18.0
Combined,Set2,4,Draw1,0,3,2,0.0,5,1.0,True,False,False,False,116:1;4499:1;499:1,116:2;9944:1;994:1,15.0
Combined,Set2,4,Draw1,24,3,2,0.0,5,1.0,False,False,False,False,1134499:1;113449:1;11399:1,9944113:1;944113:1;11993:1,13.0
Combined,Set2,4,Draw1,25,2,1,0.0,7,1.0,False,False,False,False,114499:1;14499:1;11449:1,994411:1;99441:1;94411:1,12.0
Combined,Set2,4,Draw1,19,2,1,0.0,7,1.0,False,False,False,False,114:2;1199:1;1144:1,411:2;1199:1;4411:1,12.0
Combined,Set2,4,Draw1,30,2,2,0.0,5,1.0,False,False,False,False,344799:1;34479:1;3447:1,993447:1;93447:1;3447:1,11.0
Combined,Set2,4,Draw1,31,2,1,0.0,6,1.0,False,False,False,False,447:1;799:1,447:1;799:1,11.0
Combined,Set2,4,Draw1,18,1,1,0.0,5,1.0,False,False,False,False,113:1;136:1,113:1;136:1,8.0
Combined,Set2,4,Draw1,21,1,1,0.0,4,1.0,False,False,False,False,1137:1;137:1;1367:1,1137:1;137:1;1367:1,7.0
Combined,Set2,4,Draw1,20,1,1,0.0,2,1.0,False,False,False,False,127:1,172:1,5.0
Combined,Set2,4,Draw1,28,1,1,0.0,2,1.0,False,False,False,False,247:1,724:1,5.0
Combined,Set2,5,Draw1,34,3,1,0.0,5,0.0,True,True,False,False,34499:1;3499:1;3449:1,99344:3;9934:3;9344:3,17.0
Combined,Set2,5,Draw1,0,4,2,0.0,5,0.0,True,False,False,False,338:1;4499:1;116:1,833:2;9944:1;611:1,16.0
Combined,Set2,5,Draw1,17,3,2,0.0,6,0.0,True,False,False,False,117:2;1167:1,711:4;6117:1,15.0
Combined,Set2,5,Draw1,22,4,2,0.0,6,0.0,False,False,False,False,147:3;1147:2;179:2,471:3;4711:2;179:2,15.0
Combined,Set2,5,Draw1,21,4,3,0.0,4,0.0,False,False,False,False,1137:2;137:2;11367:1,11367:1;133867:1;11732:1,14.0
Combined,Set2,5,Draw1,18,3,1,0.0,5,0.0,True,False,False,False,113:2;1136:1;136:1,113:3;1136:2;136:2,13.0
Combined,Set2,5,Draw1,24,3,2,0.0,5,0.0,False,False,False,False,1134:2;346:2;1134499:1,4113:2;9944113:1;9413386:1,12.0
Combined,Set2,5,Draw1,25,2,1,0.0,7,0.0,False,False,False,False,114499:1;14499:1;11449:1,994411:1;99441:1;94411:1,11.0
Combined,Set2,5,Draw1,23,3,3,0.0,3,0.0,False,False,False,False,3368:1;13368:1;1338:1,3386:1;13386:1;1338:1,11.0
Combined,Set2,5,Draw1,19,2,1,0.0,7,0.0,False,False,False,False,114:2;1199:1;1144:1,411:2;1199:1;4411:1,11.0
Combined,Set2,5,Draw1,33,3,1,0.0,3,0.0,True,False,False,False,334:1;3348:1;3349:1,334:2;8334:1;9334:1,11.0
Combined,Set2,5,Draw1,30,2,2,0.0,5,0.0,False,False,False,False,347:2;344799:1;34479:1,347:2;993447:1;93447:1,10.0
Combined,Set2,5,Draw1,31,2,1,0.0,6,0.0,False,False,False,False,447:1;799:1,447:1;799:1,10.0
Combined,Set2,5,Draw1,27,1,1,0.0,3,0.0,False,False,False,False,237:1,732:1,5.0
Combined,Set2,6,Draw1,31,4,2,0.0,6,0.0,True,True,False,False,244:2;447:2;24499:1,244:6;447:2;99244:1,21.0
Combined,Set2,6,Draw1,34,3,1,0.0,5,0.0,True,True,False,False,344:2;399:1;34499:1,993:3;344:2;99344:1,17.0
Combined,Set2,6,Draw1,0,4,2,0.0,5,0.0,True,False,False,False,338:1;116:1,833:2;611:1,16.0
Combined,Set2,6,Draw1,17,3,2,0.0,6,0.0,True,False,False,False,117:3;1167:1,711:6;6117:1,15.0
Combined,Set2,6,Draw1,22,4,2,0.0,6,0.0,False,False,False,False,1147:3;147:3;11447:2,4711:3;471:3;44711:2,15.0
Combined,Set2,6,Draw1,30,3,2,0.0,5,0.0,True,False,False,False,2344:2;3447:2;234:2,3244:3;324:3;993244:2,14.0
Combined,Set2,6,Draw1,21,4,3,0.0,4,0.0,False,False,False,False,1137:2;137:2;11367:1,11367:1;1133867:1;133867:1,14.0
Combined,Set2,6,Draw1,18,3,1,0.0,5,0.0,True,False,False,False,113:3;1136:1;136:1,113:4;1136:2;136:2,13.0
Combined,Set2,6,Draw1,24,3,2,0.0,5,0.0,False,False,False,False,1134:3;11344:2;346:2,4113:3;44113:2;94113386:1,12.0
Combined,Set2,6,Draw1,23,3,3,0.0,3,0.0,False,False,False,False,3368:1;13368:1;11338:1,3386:1;13386:1;11338:1,11.0
Combined,Set2,6,Draw1,19,2,1,0.0,7,0.0,False,False,False,False,114:3;1144:2;119:2,411:3;4411:2;119:2,11.0
Combined,Set2,6,Draw1,25,2,1,0.0,7,0.0,False,False,False,False,144:2;199:1;149:1,441:2;199:1;941:1,11.0
Combined,Set2,6,Draw1,33,3,1,0.0,3,0.0,True,False,False,False,334:1;3348:1;3349:1,334:2;8334:1;9334:1,11.0
Combined,Set2,6,Draw1,27,1,1,0.0,3,0.0,False,False,False,False,237:1,732:1,5.0
Combined,Set2,7,Draw1,31,4,2,0.0,6,0.0,True,True,False,False,244:2;447:2;24499:1,244:6;447:2;99244:1,21.0
Combined,Set2,7,Draw1,17,4,2,0.0,6,0.0,True,False,False,False,117:3;1177:1;266:1,711:4;7711:1;266:1,17.0
Combined,Set2,7,Draw1,18,4,2,0.0,5,0.0,True,False,False,False,113:3;168:2;1168:2,113:3;668:2;681:2,16.0
Combined,Set2,7,Draw1,28,4,1,0.0,1,0.0,True,True,False,False,2244:1;224:1;477:1,2244:3;224:3;477:1,15.0
Combined,Set2,7,Draw1,21,4,3,0.0,3,0.0,False,False,False,False,11678:2;1178:2;1136678:1,68117:2;8117:2;1138667:1,13.0
Combined,Set2,7,Draw1,34,3,1,0.0,5,0.0,True,False,False,False,344:2;399:1,993:2;344:2,13.0
Combined,Set2,7,Draw1,30,3,1,0.0,5,0.0,True,False,False,False,3447:2;2344:1;2334:1,3244:2;3447:2;3324:2,13.0
Combined,Set2,7,Draw1,0,3,2,0.0,3,0.0,True,False,False,False,338:1,833:2,12.0
Combined,Set2,7,Draw1,22,3,1,0.0,6,0.0,False,False,False,False,11447:2;1447:2;1147:2,44711:2;4471:2;4711:2,12.0
Combined,Set2,7,Draw1,24,3,2,0.0,5,0.0,False,False,False,False,11334689:1;1334689:1;11399:1,11983364:1;1983364:1;11993:1,12.0
Combined,Set2,7,Draw1,23,3,3,0.0,3,0.0,False,False,False,False,368:2;133:2;3368:1,386:2;133:2;3386:1,11.0
Combined,Set2,7,Draw1,19,2,1,0.0,7,0.0,False,False,False,False,119:2;1199:1;114:1,119:2;1199:1;411:1,11.0
Combined,Set2,7,Draw1,25,2,1,0.0,7,0.0,False,False,False,False,199:1;144:1,199:1;441:1,11.0
Combined,Set2,7,Draw1,33,3,1,0.0,3,0.0,True,False,False,False,334:2;339:2;3399:1,334:3;933:3;9933:2,11.0
Combined,Set2,7,Draw1,20,4,2,0.0,1,0.0,False,False,False,False,2266:1;226:1;177:1,2266:1;226:1;771:1,10.0
Combined,Set2,7,Draw1,29,3,1,0.0,1,0.0,True,False,False,False,233:1;337:1,332:2;337:1,9.0
Combined,Set2,7,Draw1,6,2,1,0.0,1,0.0,True,False,False,False,011:2,011:4,7.0
Combined,Set2,7,Draw1,10,2,1,0.0,1,0.0,True,False,False,False,077:1,770:2,7.0
Combined,Set2,7,Draw1,9,3,1,0.0,1,0.0,False,False,False,False,0114:2;0119:2;014:2,4011:2;0119:2;401:2,7.0
Combined,Set2,7,Draw1,7,2,2,0.0,1,0.0,False,False,False,False,0117:2;017:2;0177:1,1170:1;1770:1;170:1,6.0
Combined,Set2,7,Draw1,27,1,1,0.0,3,0.0,False,False,False,False,237:1;223:1,732:1;322:1,5.0
Combined,Set2,7,Draw1,14,2,1,0.0,1,0.0,False,False,False,False,03349:2;0339:2;039:2,90334:1;09334:1;9033:1,5.0
Combined,Set2,7,Draw1,8,2,1,0.0,1,0.0,False,False,False,False,01133:2;0113:2;0368:1,01133:2;0113:2;0683:1,5.0
Combined,Set2,7,Draw1,12,2,1,0.0,1,0.0,False,False,False,False,079:2;0244:1;0779:1,709:2;2440:1;7709:1,5.0
Combined,Set2,7,Draw1,15,1,1,0.0,1,0.0,False,False,False,False,044:1,440:1,3.0
Combined,Set3,1,Draw1,0,4,1,0.0,6,1.0,True,True,True,False,449:1,944:4,23.0
Combined,Set3,1,Draw1,22,4,4,0.0,7,1.0,False,False,False,True,114479:1;11447:1;1147:1,944117:1;44117:1;4117:1,22.0
Combined,Set3,1,Draw1,19,4,2,0.0,7,1.0,True,False,False,True,114:2;119:1;1149:1,411:3;119:1;1194:1,22.0
Combined,Set3,1,Draw1,17,4,2,0.0,7,1.0,True,False,False,False,117:1,117:2,19.0
Combined,Set3,1,Draw1,8,4,2,0.0,2,1.0,True,False,False,True,036:1,036:2,17.0
Combined,Set3,1,Draw1,31,2,2,0.0,7,1.0,False,False,False,False,4479:1;447:1;479:1,9447:1;447:1;794:1,13.0
Combined,Set3,1,Draw1,25,2,2,0.0,5,1.0,False,False,False,False,11449:1;1449:1;149:1,94411:1;9441:1;194:1,11.0
Combined,Set3,2,Draw1,0,4,1,0.0,6,1.0,True,True,True,False,449:1,944:4,23.0
Combined,Set3,2,Draw1,22,4,4,0.0,7,1.0,False,False,False,False,1147:2;147:2;114479:1,4117:2;471:2;944117:1,19.0
Combined,Set3,2,Draw1,17,4,2,0.0,7,1.0,True,False,False,False,117:2,117:4,19.0
Combined,Set3,2,Draw1,8,4,2,0.0,2,1.0,True,False,False,False,036:1,036:2,14.0
Combined,Set3,2,Draw1,19,2,2,0.0,7,1.0,False,False,False,False,114:2;119:1;1149:1,411:2;119:1;1194:1,13.0
Combined,Set3,2,Draw1,31,2,2,0.0,7,1.0,False,False,False,False,4479:1;447:1;479:1,9447:1;447:1;794:1,13.0
Combined,Set3,2,Draw1,25,2,2,0.0,5,1.0,False,False,False,False,11449:1;1449:1;149:1,94411:1;9441:1;194:1,11.0
Combined,Set3,3,Draw1,0,4,1,0.0,6,1.0,True,True,True,False,449:1,944:4,23.0
Combined,Set3,3,Draw1,22,4,4,0.0,7,1.0,False,False,False,False,1147:2;147:2;114479:1,4117:2;471:2;944117:1,19.0
Combined,Set3,3,Draw1,17,4,2,0.0,7,1.0,True,False,False,False,117:2,117:4,19.0
Combined,Set3,3,Draw1,19,2,2,0.0,7,1.0,False,False,False,False,114:2;119:1;1149:1,411:2;119:1;1194:1,13.0
Combined,Set3,3,Draw1,31,2,2,0.0,7,1.0,False,False,False,False,4479:1;447:1;479:1,9447:1;447:1;794:1,13.0
Combined,Set3,3,Draw1,25,2,2,0.0,5,1.0,False,False,False,False,11449:1;1449:1;149:1,94411:1;9441:1;194:1,11.0
Combined,Set3,3,Draw1,30,2,1,0.0,4,1.0,True,False,False,False,379:1,793:2,11.0
Combined,Set3,3,Draw1,24,3,2,0.0,1,1.0,True,False,False,False,369:1,936:2,11.0
Combined,Set3,3,Draw1,21,2,2,0.0,1,1.0,False,False,False,False,367:1,367:1,7.0
Combined,Set3,4,Draw1,0,4,2,0.0,6,1.0,True,True,True,False,449:1;338:1,944:4;833:2,24.0
Combined,Set3,4,Draw1,22,4,4,0.0,7,1.0,False,False,False,False,1147:2;147:2;114479:1,471:2;944117:1;44117:1,19.0
Combined,Set3,4,Draw1,17,4,2,0.0,7,1.0,True,False,False,False,117:2,117:2;711:2,19.0
Combined,Set3,4,Draw1,21,4,3,0.0,4,1.0,False,False,False,False,1137:1;33678:1;3678:1,1137:1;33867:1;3867:1,15.0
Combined,Set3,4,Draw1,33,3,2,0.0,4,1.0,True,False,False,False,339:1;3389:1;389:1,933:2;9338:1;983:1,14.0
Combined,Set3,4,Draw1,24,3,3,0.0,4,1.0,False,False,False,False,33689:1;1134:1;3689:1,93386:1;4113:1;9683:1,13.0
Combined,Set3,4,Draw1,23,3,3,0.0,4,1.0,False,False,False,False,3368:1;368:1;336:1,3386:1;386:1;336:1,13.0
Combined,Set3,4,Draw1,31,2,2,0.0,7,1.0,False,False,False,False,4479:1;447:1;479:1,9447:1;447:1;794:1,13.0
Combined,Set3,4,Draw1,19,2,1,0.0,7,1.0,False,False,False,False,114:2;119:1;1149:1,411:2;119:1;1194:1,12.0
Combined,Set3,4,Draw1,25,2,2,0.0,5,1.0,False,False,False,False,11449:1;1449:1;149:1,94411:1;9441:1;194:1,11.0
Combined,Set3,4,Draw1,18,2,1,0.0,4,1.0,True,False,False,False,113:1,113:2,11.0
Combined,Set3,4,Draw1,30,2,2,0.0,4,1.0,False,False,False,False,379:1;3379:1;347:1,793:1;7933:1;347:1,10.0
Combined,Set3,4,Draw1,29,1,1,0.0,3,1.0,False,False,False,False,3378:1;337:1,8337:1;337:1,6.0
Combined,Set3,5,Draw1,0,4,2,0.0,6,0.0,True,True,True,False,449:1;338:1,944:4;833:2,23.0
Combined,Set3,5,Draw1,22,4,4,0.0,7,0.0,False,False,False,False,11447:2;1147:2;1447:2,4471:2;471:2;179:2,18.0
Combined,Set3,5,Draw1,17,4,2,0.0,7,0.0,True,False,False,False,117:2,117:2;711:2,18.0
Combined,Set3,5,Draw1,34,3,1,0.0,3,0.0,True,True,False,False,344:1,344:3,15.0
Combined,Set3,5,Draw1,21,4,3,0.0,4,0.0,False,False,False,False,137:2;1137:1;133678:1,1137:1;133867:1;33867:1,14.0
Combined,Set3,5,Draw1,23,3,3,0.0,4,0.0,False,False,False,False,3368:1;1338:1;13368:1,3386:1;1338:1;13386:1,12.0
Combined,Set3,5,Draw1,18,3,1,0.0,4,0.0,True,False,False,False,113:1;168:1,113:2;681:1,12.0
Combined,Set3,5,Draw1,31,2,2,0.0,7,0.0,False,False,False,False,447:2;4479:1;479:1,447:2;9447:1;794:1,12.0
Combined,Set3,5,Draw1,19,2,1,0.0,7,0.0,False,False,False,False,114:2;1144:2;119:1,411:2;4411:2;119:1,11.0
Combined,Set3,5,Draw1,24,3,2,0.0,4,0.0,False,False,False,False,133689:1;33689:1;11344:1,913386:1;96833:1;44113:1,11.0
Combined,Set3,5,Draw1,25,2,2,0.0,5,0.0,False,False,False,False,144:2;11449:1;1449:1,441:2;94411:1;9441:1,10.0
Combined,Set3,5,Draw1,30,2,2,0.0,4,0.0,False,False,False,False,3447:1;379:1;3379:1,3447:1;793:1;7933:1,9.0
Combined,Set3,5,Draw1,33,2,1,0.0,4,0.0,False,False,False,False,3389:1;339:1;389:1,9833:1;933:1;983:1,8.0
Combined,Set3,5,Draw1,29,1,1,0.0,3,0.0,False,False,False,False,3378:1;337:1,8337:1;337:1,5.0
Combined,Set3,6,Draw1,31,4,1,0.0,7,0.0,True,True,False,False,447:2;244:1,244:3;447:2,21.0
Combined,Set3,6,Draw1,17,3,2,0.0,7,0.0,True,False,False,False,117:2,711:3,16.0
Combined,Set3,6,Draw1,22,4,2,0.0,7,0.0,False,False,False,False,11447:2;1447:2;1147:2,44711:2;4471:2;4711:2,16.0
Combined,Set3,6,Draw1,34,3,1,0.0,3,0.0,True,True,False,False,344:2;3449:1;349:1,344:4;9344:2;934:2,15.0
Combined,Set3,6,Draw1,0,3,2,0.0,6,0.0,True,False,False,False,338:1;449:1,833:2;944:1,15.0
Combined,Set3,6,Draw1,21,4,3,0.0,4,0.0,False,False,False,False,3678:2;1137:2;678:2,3867:2;867:2;113867:1,14.0
Combined,Set3,6,Draw1,20,4,2,0.0,2,0.0,True,False,False,False,177:1;677:1,771:2;677:1,13.0
Combined,Set3,6,Draw1,23,3,3,0.0,4,0.0,False,False,False,False,368:2;3368:1;1338:1,386:2;3386:1;1338:1,12.0
Combined,Set3,6,Draw1,24,3,2,0.0,4,0.0,False,False,False,False,139:2;1134468:1;133689:1,4411386:1;913386:1;96833:1,11.0
Combined,Set3,6,Draw1,19,2,1,0.0,7,0.0,False,False,False,False,114:1;119:1;1144:1,411:1;119:1;4411:1,11.0
Combined,Set3,6,Draw1,18,3,2,0.0,4,0.0,False,False,False,False,113:2;168:2;11368:1,113:2;681:2;11386:1,11.0
Combined,Set3,6,Draw1,33,3,1,0.0,4,0.0,False,False,False,False,3389:1;3448:1;339:1,9833:1;8344:1;933:1,10.0
Combined,Set3,6,Draw1,6,2,1,0.0,2,0.0,True,False,False,False,011:1,011:2,8.0
Combined,Set3,6,Draw1,30,2,1,0.0,4,0.0,False,False,False,False,3447:2;34478:1;379:1,3447:2;83447:1;793:1,8.0
Combined,Set3,6,Draw1,7,2,2,0.0,2,0.0,False,False,False,False,0117:1;017:1,1170:1;170:1,7.0
Combined,Set3,6,Draw1,14,2,2,0.0,2,0.0,False,False,False,False,039:1,903:1,7.0
Combined,Set3,6,Draw1,9,2,1,0.0,2,0.0,False,False,False,False,0119:1;0144:1;0114:1,0119:1;4401:1;4011:1,6.0
Combined,Set3,6,Draw1,29,1,1,0.0,3,0.0,False,False,False,False,3378:1;337:1,8337:1;337:1,5.0
Combined,Set3,6,Draw1,25,1,1,0.0,3,0.0,False,False,False,False,144:1,441:1,5.0
Combined,Set3,6,Draw1,27,2,1,0.0,1,0.0,False,False,False,False,237:1;377:1,732:1;377:1,5.0
Combined,Set3,6,Draw1,8,1,1,0.0,2,0.0,False,False,False,False,0113:1,0113:1,4.0
Combined,Set3,6,Draw1,15,1,1,0.0,2,0.0,False,False,False,False,044:1,440:1,4.0
Combined,Set3,6,Draw1,12,1,1,0.0,1,0.0,False,False,False,False,079:1,709:1,3.0
Combined,Set3,6,Draw1,28,1,1,0.0,1,0.0,False,False,False,False,779:1,779:1,3.0
Combined,Set3,7,Draw1,31,4,2,0.0,7,0.0,True,True,False,False,244:2;447:2;2449:2,244:6;447:2;9244:2,22.0
Combined,Set3,7,Draw1,17,3,2,0.0,7,0.0,True,False,False,False,117:2;1177:1;1167:1,711:3;7711:2;6117:1,16.0
Combined,Set3,7,Draw1,22,4,2,0.0,7,0.0,False,False,False,False,2446:2;1477:2;246:2,6244:2;4771:2;624:2,16.0
Combined,Set3,7,Draw1,0,4,2,0.0,4,0.0,True,False,False,False,338:1;116:1,833:2;611:1,15.0
Combined,Set3,7,Draw1,20,4,2,0.0,2,0.0,True,False,False,False,177:2;677:2,771:3;677:2,13.0
Combined,Set3,7,Draw1,23,3,3,0.0,4,0.0,False,False,False,False,368:1;3368:1;1338:1,386:1;8336:1;1338:1,12.0
Combined,Set3,7,Draw1,33,3,1,0.0,4,0.0,True,False,False,False,334:1;3448:1;339:1,334:2;8344:1;933:1,12.0
Combined,Set3,7,Draw1,24,3,2,0.0,4,0.0,False,False,False,False,346:2;1134468:1;113448:1,4411386:1;441138:1;411386:1,11.0
Combined,Set3,7,Draw1,19,2,1,0.0,7,0.0,False,False,False,False,119:2;114:1;1144:1,119:2;411:1;4411:1,11.0
Combined,Set3,7,Draw1,21,3,1,0.0,4,0.0,False,False,False,False,678:2;6778:2;236:2,867:2;8677:2;362:2,10.0
Combined,Set3,7,Draw1,25,3,1,0.0,3,0.0,False,False,False,False,144:1;699:1;199:1,441:1;996:1;199:1,9.0
Combined,Set3,7,Draw1,34,3,1,0.0,3,0.0,False,False,False,False,344:2;399:1;899:1,344:2;993:1;998:1,9.0
Combined,Set3,7,Draw1,6,2,1,0.0,2,0.0,True,False,False,False,011:1,011:2,8.0
Combined,Set3,7,Draw1,18,2,1,0.0,4,0.0,False,False,False,False,113:2;11368:1;1138:1,113:2;11386:1;1138:1,8.0
Combined,Set3,7,Draw1,9,3,1,0.0,2,0.0,False,False,False,False,0119:1;014:1;069:1,0119:1;401:1;906:1,8.0
Combined,Set3,7,Draw1,30,2,1,0.0,3,0.0,False,False,False,False,3447:2;23449:2;2349:2,3447:2;93244:2;9324:2,7.0
Combined,Set3,7,Draw1,10,2,1,0.0,1,0.0,True,False,False,False,077:1,770:2,7.0
Combined,Set3,7,Draw1,7,2,2,0.0,2,0.0,False,False,False,False,017:2;0117:1;0177:1,1170:1;1770:1;170:1,7.0
Combined,Set3,7,Draw1,8,2,1,0.0,2,0.0,False,False,False,False,0113:1;036:1;013:1,0113:1;063:1;013:1,6.0
Combined,Set3,7,Draw1,28,2,1,0.0,1,0.0,False,False,False,False,477:2;7799:1;779:1,477:2;7799:1;779:1,5.0
Combined,Set3,7,Draw1,12,2,1,0.0,1,0.0,False,False,False,False,0244:1;0779:1;079:1,2440:1;7709:1;709:1,5.0
Combined,Set3,7,Draw1,14,1,1,0.0,2,0.0,False,False,False,False,039:2;03349:1;0339:1,093:2;09334:1;0933:1,4.0
Combined,Set3,7,Draw1,15,1,1,0.0,2,0.0,False,False,False,False,044:1,440:1,4.0
Combined,Set3,7,Draw1,2,1,1,0.0,1,0.0,False,False,False,False,006:1,006:1,3.0
