triad,vt_triad,support_count,hot_hits,superhot_hits,vertical_hits,set1_hits,col1_hits,precol1_hits,vt_straight_hits,vt_only_lane_hits,guard_hits,literal_hits,variant_span,set_span,column_span,score_mean,score_max,evidence_tags
257,133,31,31,15,4,25,12,2,18,6,1,12,3,3,7,20.445,35.85,"col1,funnel_precol1,guard_set1,hot12,hot16,hot20,hot4,hot8,literal_draw,ls2_lane,ls_col_42,set1_bonus,straight_lane,superhot_set1,vertical1,vertical2,vertical3,vertical4,vt_only_lane,vt_straight"
277,33,25,25,13,4,20,7,8,22,0,1,22,3,3,7,24.306,35.35,"col1,funnel_precol1,guard_set1,hot12,hot16,hot20,hot4,hot8,literal_draw,ls2_lane,ls_col_42,set1_bonus,straight_lane,superhot_set1,vertical1,vertical2,vertical3,vertical4,vt_straight"
147,235,35,35,8,3,24,2,15,21,4,0,14,3,3,7,21.573,34.35,"col1,funnel_precol1,hot12,hot16,hot20,hot4,hot8,literal_draw,ls2_lane,ls_col_42,set1_bonus,straight_lane,superhot_set1,vertical1,vertical2,vertical3,vt_only_lane,vt_straight"
489,455,50,50,10,4,35,4,16,29,16,0,13,3,3,7,20.43,33.75,"col1,funnel_precol1,hot12,hot16,hot20,hot4,hot8,literal_draw,ls2_lane,ls_col_42,set1_bonus,straight_lane,superhot_set1,vertical1,vertical2,vertical3,vertical4,vt_only_lane,vt_straight"
379,345,29,29,4,3,17,3,6,17,6,0,11,3,3,7,19.883,32.9,"col1,funnel_precol1,hot12,hot16,hot20,hot8,literal_draw,ls2_lane,ls_col_42,set1_bonus,straight_lane,superhot_set1,vertical1,vertical3,vt_only_lane,vt_straight"
388,44,58,58,16,4,39,10,17,31,4,0,0,3,3,7,20.693,31.75,"col1,funnel_precol1,hot12,hot16,hot20,hot4,hot8,ls2_lane,ls_col_42,set1_bonus,straight_lane,superhot_set1,vertical1,vertical3,vertical4,vt_only_lane,vt_straight"
027,133,32,32,4,4,22,2,8,19,5,1,12,3,3,7,20.317,31.7,"col1,funnel_precol1,guard_set1,hot12,hot16,hot20,hot4,hot8,literal_draw,ls2_lane,ls_col_42,set1_bonus,straight_lane,superhot_set1,vertical1,vertical2,vertical4,vt_only_lane,vt_straight"
899,45,54,54,12,4,36,8,15,26,2,0,0,3,3,7,20.328,31.45,"col1,funnel_precol1,hot12,hot16,hot20,hot4,hot8,ls2_lane,ls_col_42,set1_bonus,straight_lane,superhot_set1,vertical1,vertical2,vertical3,vertical4,vt_only_lane,vt_straight"
368,244,59,59,18,4,51,9,16,29,9,0,0,3,3,7,19.283,31.45,"col1,funnel_precol1,hot12,hot16,hot20,hot4,hot8,ls2_lane,ls_col_42,set1_bonus,straight_lane,superhot_set1,vertical1,vertical2,vertical3,vertical4,vt_only_lane,vt_straight"
358,144,43,43,19,3,38,9,13,27,23,0,0,3,3,7,18.412,31.45,"col1,funnel_precol1,hot12,hot16,hot20,hot4,hot8,ls2_lane,ls_col_42,set1_bonus,straight_lane,superhot_set1,vertical1,vertical2,vertical3,vt_only_lane,vt_straight"
889,45,47,47,12,4,33,8,15,23,0,0,0,2,3,7,20.781,31.15,"col1,funnel_precol1,hot12,hot16,hot20,hot4,hot8,ls2_lane,ls_col_42,set1_bonus,straight_lane,superhot_set1,vertical1,vertical2,vertical3,vertical4,vt_straight"
355,14,28,28,9,4,24,2,11,17,4,0,0,3,3,7,18.939,30.95,"col1,funnel_precol1,hot12,hot16,hot20,hot4,hot8,ls2_lane,ls_col_42,set1_bonus,straight_lane,superhot_set1,vertical1,vertical2,vertical3,vertical4,vt_only_lane,vt_straight"
399,45,61,61,12,4,41,8,16,30,2,0,5,3,3,7,20.155,30.85,"col1,funnel_precol1,hot12,hot16,hot20,hot4,hot8,literal_draw,ls2_lane,ls_col_42,set1_bonus,straight_lane,superhot_set1,vertical1,vertical2,vertical3,vertical4,vt_only_lane,vt_straight"
389,445,66,66,18,3,47,10,14,36,27,0,0,3,3,7,18.611,30.85,"col1,funnel_precol1,hot12,hot16,hot20,hot4,hot8,ls2_lane,ls_col_42,set1_bonus,straight_lane,superhot_set1,vertical1,vertical2,vertical3,vt_only_lane,vt_straight"
568,124,64,64,22,4,51,12,16,32,23,0,0,3,3,7,17.855,30.85,"col1,funnel_precol1,hot12,hot16,hot20,hot4,hot8,ls2_lane,ls_col_42,set1_bonus,straight_lane,superhot_set1,vertical1,vertical2,vertical3,vertical4,vt_only_lane,vt_straight"
356,124,40,40,18,3,37,8,11,26,23,0,0,3,3,7,17.699,30.85,"col1,funnel_precol1,hot12,hot16,hot20,hot4,hot8,ls2_lane,ls_col_42,set1_bonus,straight_lane,superhot_set1,vertical1,vertical2,vertical3,vt_only_lane,vt_straight"
066,12,33,33,11,4,24,6,9,22,0,0,0,3,3,7,19.435,30.7,"col1,funnel_precol1,hot12,hot16,hot20,hot4,hot8,ls2_lane,ls_col_42,set1_bonus,straight_lane,superhot_set1,vertical1,vertical2,vertical3,vertical4,vt_straight"
558,14,28,28,7,3,17,4,7,13,7,0,0,3,3,7,19.848,30.35,"col1,funnel_precol1,hot16,hot20,hot4,hot8,ls2_lane,ls_col_42,set1_bonus,straight_lane,superhot_set1,vertical1,vertical2,vertical3,vt_only_lane,vt_straight"
556,12,39,39,13,3,28,4,17,23,9,0,0,3,3,7,18.808,30.35,"col1,funnel_precol1,hot12,hot16,hot20,hot4,hot8,ls2_lane,ls_col_42,set1_bonus,straight_lane,superhot_set1,vertical1,vertical2,vertical3,vt_only_lane,vt_straight"
159,125,20,20,4,3,16,2,4,13,8,0,4,3,3,7,19.432,30.1,"col1,funnel_precol1,hot12,hot16,hot20,hot4,hot8,literal_draw,ls2_lane,ls_col_42,set1_bonus,straight_lane,superhot_set1,vertical1,vertical2,vertical3,vt_only_lane,vt_straight"
001,12,46,46,13,4,32,4,14,30,19,0,8,3,3,7,19.234,30.0,"col1,funnel_precol1,hot12,hot16,hot20,hot4,hot8,literal_draw,ls2_lane,ls_col_42,set1_bonus,straight_lane,superhot_set1,vertical1,vertical2,vertical3,vertical4,vt_only_lane,vt_straight"
338,44,60,60,16,4,39,10,16,33,17,0,2,3,3,7,19.795,29.95,"col1,funnel_precol1,hot12,hot16,hot20,hot4,hot8,literal_draw,ls2_lane,ls_col_42,set1_bonus,straight_lane,superhot_set1,vertical1,vertical2,vertical3,vertical4,vt_only_lane,vt_straight"
344,45,54,54,12,3,36,7,12,26,22,0,0,3,3,7,19.676,29.95,"col1,funnel_precol1,hot12,hot16,hot20,hot4,hot8,ls2_lane,ls_col_42,set1_bonus,straight_lane,superhot_set1,vertical1,vertical2,vertical3,vt_only_lane,vt_straight"
348,445,66,66,18,4,47,10,16,36,19,0,0,3,3,7,19.501,29.95,"col1,funnel_precol1,hot12,hot16,hot20,hot4,hot8,ls2_lane,ls_col_42,set1_bonus,straight_lane,superhot_set1,vertical1,vertical2,vertical3,vertical4,vt_only_lane,vt_straight"
138,244,59,59,18,3,51,8,15,29,18,0,0,3,3,7,18.919,29.95,"col1,funnel_precol1,hot12,hot16,hot20,hot4,hot8,ls2_lane,ls_col_42,set1_bonus,straight_lane,superhot_set1,vertical1,vertical2,vertical3,vt_only_lane,vt_straight"
018,124,40,40,18,4,37,8,13,26,11,0,0,3,3,7,18.416,29.95,"col1,funnel_precol1,hot12,hot16,hot20,hot4,hot8,ls2_lane,ls_col_42,set1_bonus,straight_lane,superhot_set1,vertical1,vertical2,vertical3,vertical4,vt_only_lane,vt_straight"
038,144,43,43,19,3,38,8,11,27,27,0,0,3,3,7,17.984,29.95,"col1,funnel_precol1,hot12,hot16,hot20,hot4,hot8,ls2_lane,ls_col_42,set1_bonus,superhot_set1,vertical1,vertical2,vertical3,vt_only_lane,vt_straight"
013,124,64,64,22,4,51,11,14,32,17,0,0,3,3,7,17.684,29.95,"col1,funnel_precol1,hot12,hot16,hot20,hot4,hot8,ls2_lane,ls_col_42,set1_bonus,straight_lane,superhot_set1,vertical1,vertical2,vertical3,vertical4,vt_only_lane,vt_straight"
266,23,46,46,12,4,32,7,18,20,0,0,0,3,3,7,19.611,29.9,"col1,funnel_precol1,hot12,hot16,hot20,hot4,hot8,ls2_lane,ls_col_42,set1_bonus,straight_lane,superhot_set1,vertical1,vertical2,vertical3,vertical4,vt_straight"
227,33,4,4,2,1,4,0,1,1,1,1,0,2,1,3,16.962,29.85,"funnel_precol1,guard_set1,hot16,hot20,hot8,ls_col_42,set1_bonus,superhot_set1,vertical1,vt_only_lane,vt_straight"
078,134,19,19,3,3,13,1,2,9,6,0,3,3,3,7,16.166,29.8,"col1,funnel_precol1,hot12,hot16,hot20,hot4,hot8,literal_draw,ls2_lane,ls_col_42,set1_bonus,straight_lane,superhot_set1,vertical1,vertical2,vertical3,vt_only_lane,vt_straight"
334,45,47,47,12,3,33,7,12,23,15,0,0,2,3,7,19.447,29.65,"col1,funnel_precol1,hot12,hot16,hot20,hot4,hot8,ls2_lane,ls_col_42,set1_bonus,straight_lane,superhot_set1,vertical1,vertical2,vertical3,vt_only_lane,vt_straight"
448,45,57,57,12,3,39,7,14,25,25,0,0,3,3,7,18.523,29.65,"col1,funnel_precol1,hot12,hot16,hot20,hot4,hot8,ls2_lane,ls_col_42,set1_bonus,straight_lane,superhot_set1,vertical1,vertical2,vertical3,vt_only_lane,vt_straight"
466,25,32,32,11,4,30,6,5,17,6,0,0,3,2,7,20.013,29.5,"col1,funnel_precol1,hot12,hot16,hot20,hot4,hot8,ls2_lane,ls_col_42,set1_bonus,straight_lane,superhot_set1,vertical1,vertical2,vertical3,vertical4,vt_only_lane,vt_straight"
003,14,28,28,7,1,17,4,4,13,13,0,0,3,3,7,18.763,29.45,"col1,funnel_precol1,hot16,hot20,hot4,hot8,ls2_lane,ls_col_42,set1_bonus,superhot_set1,vertical1,vt_only_lane,vt_straight"
008,14,28,28,9,3,24,2,8,17,16,0,0,3,3,7,18.082,29.45,"col1,funnel_precol1,hot12,hot16,hot20,hot4,hot8,ls2_lane,ls_col_42,set1_bonus,straight_lane,superhot_set1,vertical1,vertical2,vertical3,vt_only_lane,vt_straight"
126,223,22,22,3,4,12,1,1,15,9,0,6,3,3,7,20.418,28.9,"col1,funnel_precol1,hot12,hot16,hot20,hot4,hot8,literal_draw,ls2_lane,ls_col_42,set1_bonus,straight_lane,superhot_set1,vertical1,vertical2,vertical3,vertical4,vt_only_lane,vt_straight"
456,125,60,60,17,4,45,9,6,32,21,0,4,3,3,7,18.327,28.9,"col1,funnel_precol1,hot12,hot16,hot20,hot4,hot8,literal_draw,ls2_lane,ls_col_42,set1_bonus,straight_lane,superhot_set1,vertical1,vertical2,vertical3,vertical4,vt_only_lane,vt_straight"
056,112,28,28,10,3,24,5,8,22,11,0,3,3,3,7,17.839,28.9,"col1,funnel_precol1,hot12,hot16,hot20,hot4,hot8,literal_draw,ls2_lane,ls_col_42,set1_bonus,straight_lane,superhot_set1,vertical1,vertical2,vertical3,vt_only_lane,vt_straight"
246,235,38,38,10,3,31,5,3,15,3,0,0,3,3,7,17.942,28.6,"col1,funnel_precol1,hot12,hot16,hot20,hot4,hot8,ls2_lane,ls_col_42,set1_bonus,straight_lane,superhot_set1,vertical1,vertical2,vertical3,vt_only_lane,vt_straight"
119,25,32,32,11,3,30,6,2,17,14,0,0,3,2,7,19.197,28.0,"col1,funnel_precol1,hot12,hot16,hot20,hot4,hot8,ls2_lane,ls_col_42,set1_bonus,straight_lane,superhot_set1,vertical1,vertical2,vertical3,vt_only_lane,vt_straight"
117,23,46,46,12,4,32,5,5,20,17,0,0,3,3,7,17.45,27.7,"col1,funnel_precol1,hot12,hot16,hot20,hot4,hot8,ls2_lane,ls_col_42,set1_bonus,straight_lane,superhot_set1,vertical1,vertical2,vertical3,vertical4,vt_only_lane,vt_straight"
179,235,38,38,10,3,31,5,1,15,15,0,0,3,3,7,17.316,27.7,"col1,funnel_precol1,hot12,hot16,hot20,hot4,hot8,ls2_lane,ls_col_42,set1_bonus,superhot_set1,vertical1,vertical2,vertical3,vt_only_lane,vt_straight"
245,135,43,43,10,4,28,5,5,17,7,0,1,3,3,7,18.052,27.45,"col1,funnel_precol1,hot12,hot16,hot20,hot4,hot8,literal_draw,ls2_lane,ls_col_42,set1_bonus,straight_lane,superhot_set1,vertical1,vertical2,vertical3,vertical4,vt_only_lane,vt_straight"
566,12,48,48,22,3,43,11,18,24,10,0,0,3,3,7,18.33,27.45,"col1,funnel_precol1,hot12,hot16,hot20,hot4,hot8,ls2_lane,ls_col_42,set1_bonus,straight_lane,superhot_set1,vertical1,vertical2,vertical3,vt_only_lane,vt_straight"
256,123,40,40,11,3,31,5,9,17,9,0,0,3,3,7,17.801,27.15,"col1,funnel_precol1,hot12,hot16,hot20,hot4,hot8,ls2_lane,ls_col_42,set1_bonus,straight_lane,superhot_set1,vertical1,vertical2,vertical3,vt_only_lane,vt_straight"
199,25,42,42,2,4,29,1,6,13,2,0,0,3,3,7,19.162,26.95,"col1,funnel_precol1,hot12,hot16,hot20,hot4,hot8,ls2_lane,ls_col_42,set1_bonus,straight_lane,superhot_set1,vertical1,vertical2,vertical3,vertical4,vt_only_lane,vt_straight"
134,245,41,41,8,4,34,4,9,17,6,0,0,3,3,7,18.37,26.95,"col1,funnel_precol1,hot12,hot16,hot20,hot4,hot8,ls2_lane,ls_col_42,set1_bonus,straight_lane,superhot_set1,vertical1,vertical2,vertical3,vertical4,vt_only_lane,vt_straight"
249,355,15,15,0,4,8,0,0,4,0,0,0,3,3,4,20.213,26.7,"hot12,hot16,hot20,ls_col_42,set1_bonus,straight_lane,vertical1,vertical2,vertical3,vertical4,vt_straight"
599,15,25,25,5,4,15,2,5,12,0,0,0,3,3,7,19.088,26.7,"col1,funnel_precol1,hot12,hot16,hot20,hot4,hot8,ls2_lane,ls_col_42,set1_bonus,straight_lane,superhot_set1,vertical3,vertical4,vt_straight"
299,35,26,26,0,4,13,0,0,7,1,0,0,3,3,5,18.288,26.7,"hot12,hot16,hot20,hot8,ls_col_42,set1_bonus,straight_lane,vertical1,vertical2,vertical3,vertical4,vt_only_lane,vt_straight"
455,15,32,32,8,3,21,3,7,13,3,0,0,3,3,7,18.05,26.6,"col1,funnel_precol1,hot12,hot16,hot20,hot4,hot8,ls2_lane,ls_col_42,set1_bonus,straight_lane,superhot_set1,vertical1,vertical2,vertical3,vt_only_lane,vt_straight"
024,135,12,12,0,4,9,0,0,6,2,0,0,3,3,4,19.246,26.4,"hot12,hot16,hot20,hot8,ls_col_42,set1_bonus,straight_lane,vertical1,vertical2,vertical3,vertical4,vt_only_lane,vt_straight"
167,223,16,16,3,4,9,1,0,9,3,0,0,1,3,6,18.978,26.4,"col1,hot12,hot16,hot20,hot4,hot8,ls2_lane,ls_col_42,set1_bonus,straight_lane,superhot_set1,vertical1,vertical2,vertical3,vertical4,vt_only_lane,vt_straight"
166,22,31,31,12,4,24,6,6,23,16,0,0,2,3,7,18.05,26.4,"col1,funnel_precol1,hot12,hot16,hot20,hot4,hot8,ls2_lane,ls_col_42,set1_bonus,straight_lane,superhot_set1,vertical1,vertical2,vertical3,vertical4,vt_only_lane,vt_straight"
116,22,31,31,12,4,24,6,6,23,21,0,0,2,3,7,17.644,26.4,"col1,funnel_precol1,hot12,hot16,hot20,hot4,hot8,ls2_lane,ls_col_42,set1_bonus,straight_lane,superhot_set1,vertical1,vertical2,vertical3,vertical4,vt_only_lane,vt_straight"
017,123,40,40,11,4,31,5,2,17,10,0,0,3,3,7,17.091,26.4,"col1,funnel_precol1,hot12,hot16,hot20,hot4,hot8,ls2_lane,ls_col_42,set1_bonus,straight_lane,superhot_set1,vertical1,vertical2,vertical3,vertical4,vt_only_lane,vt_straight"
499,55,38,38,4,4,26,3,11,17,3,0,0,3,3,7,19.799,26.35,"col1,funnel_precol1,hot12,hot16,hot20,hot4,hot8,ls2_lane,ls_col_42,set1_bonus,straight_lane,superhot_set1,vertical1,vertical2,vertical3,vertical4,vt_only_lane,vt_straight"
149,255,25,25,2,4,22,1,5,8,7,0,0,3,2,7,18.904,26.35,"col1,funnel_precol1,hot12,hot16,hot20,hot4,hot8,ls2_lane,ls_col_42,set1_bonus,straight_lane,superhot_set1,vertical1,vertical2,vertical3,vertical4,vt_only_lane,vt_straight"
189,245,46,46,10,3,38,5,9,21,16,0,0,3,3,7,17.977,26.35,"col1,funnel_precol1,hot12,hot16,hot20,hot4,hot8,ls2_lane,ls_col_42,set1_bonus,straight_lane,superhot_set1,vertical1,vertical2,vertical3,vt_only_lane,vt_straight"
667,23,27,27,3,4,16,0,8,11,0,0,0,2,3,6,19.5,26.3,"funnel_precol1,hot12,hot16,hot20,hot4,hot8,ls2_lane,ls_col_42,set1_bonus,straight_lane,superhot_set1,vertical1,vertical2,vertical3,vertical4,vt_straight"
668,24,39,39,18,4,37,9,16,19,0,0,0,3,3,7,18.877,26.1,"col1,funnel_precol1,hot12,hot16,hot20,hot4,hot8,ls2_lane,ls_col_42,set1_bonus,straight_lane,superhot_set1,vertical3,vertical4,vt_straight"
669,25,23,23,4,3,16,2,3,13,8,0,0,3,3,7,18.785,26.1,"col1,funnel_precol1,hot12,hot16,hot20,hot4,hot8,ls2_lane,ls_col_42,set1_bonus,straight_lane,superhot_set1,vertical1,vertical2,vertical3,vt_only_lane,vt_straight"
014,125,37,37,6,4,30,3,6,17,8,0,0,3,3,7,18.399,26.1,"col1,funnel_precol1,hot12,hot16,hot20,hot4,hot8,ls2_lane,ls_col_42,set1_bonus,straight_lane,superhot_set1,vertical1,vertical2,vertical3,vertical4,vt_only_lane,vt_straight"
019,125,57,57,17,4,44,9,7,28,16,0,0,3,3,7,18.166,26.1,"col1,funnel_precol1,hot12,hot16,hot20,hot4,hot8,ls2_lane,ls_col_42,set1_bonus,straight_lane,superhot_set1,vertical1,vertical2,vertical3,vertical4,vt_only_lane,vt_straight"
079,135,43,43,10,3,28,5,0,16,14,0,0,3,3,7,17.33,26.1,"col1,hot12,hot16,hot20,hot4,hot8,ls2_lane,ls_col_42,set1_bonus,straight_lane,superhot_set1,vertical1,vertical2,vertical3,vt_only_lane,vt_straight"
059,115,24,24,9,4,18,4,7,16,4,0,0,3,3,7,17.244,26.1,"col1,funnel_precol1,hot12,hot16,hot20,hot4,hot8,ls2_lane,ls_col_42,set1_bonus,straight_lane,superhot_set1,vertical1,vertical2,vertical3,vertical4,vt_only_lane,vt_straight"
011,12,48,48,22,4,43,10,7,24,19,0,0,3,3,7,16.951,26.1,"col1,funnel_precol1,hot12,hot16,hot20,hot4,hot8,ls2_lane,ls_col_42,set1_bonus,straight_lane,superhot_set1,vertical1,vertical2,vertical3,vertical4,vt_only_lane,vt_straight"
349,455,37,37,4,4,25,3,10,16,10,0,0,2,3,7,19.223,26.05,"col1,funnel_precol1,hot12,hot16,hot20,hot4,hot8,ls2_lane,ls_col_42,set1_bonus,straight_lane,superhot_set1,vertical1,vertical2,vertical3,vertical4,vt_only_lane,vt_straight"
188,24,34,34,8,3,29,4,10,13,6,0,0,3,3,7,18.109,26.05,"col1,funnel_precol1,hot12,hot16,hot20,hot4,hot8,ls2_lane,ls_col_42,set1_bonus,straight_lane,superhot_set1,vertical1,vertical2,vertical3,vt_only_lane,vt_straight"
346,245,46,46,10,3,38,5,7,21,17,0,0,3,3,7,17.658,26.0,"col1,funnel_precol1,hot12,hot16,hot20,hot4,hot8,ls2_lane,ls_col_42,set1_bonus,straight_lane,superhot_set1,vertical1,vertical2,vertical3,vt_only_lane,vt_straight"
345,145,38,38,11,4,30,5,5,22,15,0,0,3,3,7,17.114,26.0,"col1,funnel_precol1,hot12,hot16,hot20,hot4,hot8,ls2_lane,ls_col_42,set1_bonus,straight_lane,superhot_set1,vertical1,vertical2,vertical3,vertical4,vt_only_lane,vt_straight"
169,225,13,13,2,3,7,1,0,8,6,0,0,1,3,5,19.535,25.8,"col1,hot16,hot20,hot8,ls2_lane,set1_bonus,straight_lane,superhot_set1,vertical1,vertical2,vertical3,vt_only_lane,vt_straight"
259,135,17,17,1,3,7,0,2,8,1,0,0,3,3,5,19.429,25.8,"funnel_precol1,hot16,hot20,hot4,hot8,ls2_lane,ls_col_42,set1_bonus,straight_lane,superhot_set1,vertical1,vertical2,vertical3,vt_only_lane,vt_straight"
467,235,15,15,2,3,11,0,1,8,4,0,0,3,3,6,19.257,25.8,"funnel_precol1,hot16,hot20,hot8,ls2_lane,ls_col_42,set1_bonus,straight_lane,superhot_set1,vertical1,vertical2,vertical3,vt_only_lane,vt_straight"
029,135,14,14,1,3,7,0,2,7,1,0,0,3,3,6,18.825,25.8,"funnel_precol1,hot12,hot16,hot20,hot4,hot8,ls2_lane,ls_col_42,set1_bonus,straight_lane,superhot_set1,vertical1,vertical2,vertical3,vt_only_lane,vt_straight"
047,135,17,17,1,3,7,0,1,8,8,0,0,3,3,5,18.412,25.8,"funnel_precol1,hot16,hot20,hot4,hot8,ls2_lane,set1_bonus,superhot_set1,vertical1,vertical2,vertical3,vt_only_lane,vt_straight"
115,12,33,33,11,3,24,5,7,22,22,0,0,3,3,7,18.283,25.8,"col1,funnel_precol1,hot12,hot16,hot20,hot4,hot8,ls2_lane,ls_col_42,set1_bonus,straight_lane,superhot_set1,vertical1,vertical2,vertical3,vt_only_lane,vt_straight"
124,235,24,24,4,3,17,2,2,10,8,0,0,3,3,7,18.202,25.8,"col1,funnel_precol1,hot12,hot16,hot20,hot4,hot8,ls2_lane,ls_col_42,set1_bonus,straight_lane,superhot_set1,vertical1,vertical2,vertical3,vt_only_lane,vt_straight"
046,125,18,18,4,3,16,2,4,10,10,0,0,3,2,6,18.061,25.8,"col1,funnel_precol1,hot12,hot16,hot20,hot4,hot8,ls2_lane,ls_col_42,set1_bonus,superhot_set1,vertical1,vertical2,vertical3,vt_only_lane,vt_straight"
026,123,16,16,2,3,9,0,1,7,5,0,0,1,3,6,17.981,25.8,"funnel_precol1,hot12,hot16,hot20,hot4,hot8,ls_col_42,set1_bonus,straight_lane,superhot_set1,vertical1,vertical2,vertical3,vt_only_lane,vt_straight"
569,125,37,37,6,3,30,3,5,17,17,0,0,3,3,7,17.958,25.8,"col1,funnel_precol1,hot12,hot16,hot20,hot4,hot8,ls2_lane,ls_col_42,set1_bonus,straight_lane,superhot_set1,vertical1,vertical2,vertical3,vt_only_lane,vt_straight"
016,122,31,31,12,3,24,6,6,23,18,0,0,2,3,7,17.798,25.8,"col1,funnel_precol1,hot12,hot16,hot20,hot4,hot8,ls2_lane,ls_col_42,set1_bonus,straight_lane,superhot_set1,vertical1,vertical2,vertical3,vt_only_lane,vt_straight"
679,235,24,24,4,3,17,2,0,10,10,0,0,3,3,7,17.627,25.8,"col1,hot12,hot16,hot20,hot4,hot8,ls2_lane,ls_col_42,set1_bonus,superhot_set1,vertical1,vertical2,vertical3,vt_only_lane,vt_straight"
057,113,14,14,1,3,8,0,2,7,4,0,0,2,3,6,17.186,25.8,"funnel_precol1,hot12,hot16,hot20,hot4,hot8,ls2_lane,ls_col_42,set1_bonus,straight_lane,superhot_set1,vertical1,vertical2,vertical3,vt_only_lane,vt_straight"
267,233,9,9,1,3,4,0,2,5,2,0,0,1,3,4,19.7,25.7,"funnel_precol1,hot16,hot20,hot8,ls_col_42,set1_bonus,straight_lane,superhot_set1,vertical1,vertical2,vertical3,vt_only_lane,vt_straight"
247,335,8,8,1,3,6,0,0,4,3,0,0,1,3,5,18.869,25.7,"hot16,hot20,hot8,ls_col_42,set1_bonus,straight_lane,superhot_set1,vertical2,vertical3,vt_only_lane,vt_straight"
127,233,9,9,1,3,4,0,2,5,5,0,0,1,3,4,19.533,25.5,"funnel_precol1,hot16,hot20,hot8,ls_col_42,set1_bonus,superhot_set1,vertical1,vertical3,vt_only_lane,vt_straight"
146,225,13,13,2,3,7,1,0,8,8,0,0,1,3,5,19.265,25.5,"col1,hot16,hot20,hot8,ls2_lane,set1_bonus,superhot_set1,vertical1,vertical2,vertical3,vt_only_lane,vt_straight"
129,235,15,15,2,3,11,0,1,8,8,0,0,3,3,6,19.137,25.5,"funnel_precol1,hot16,hot20,hot8,ls2_lane,ls_col_42,set1_bonus,superhot_set1,vertical1,vertical2,vertical3,vt_only_lane,vt_straight"
279,335,8,8,1,3,6,0,0,4,4,0,0,1,3,5,18.756,25.5,"hot16,hot20,hot8,ls_col_42,set1_bonus,superhot_set1,vertical1,vertical2,vertical3,vt_only_lane,vt_straight"
579,135,12,12,0,3,9,0,0,6,6,0,0,3,3,4,18.621,25.5,"hot12,hot16,hot20,hot8,ls_col_42,set1_bonus,vertical1,vertical2,vertical3,vt_only_lane,vt_straight"
157,123,16,16,2,3,9,0,3,7,7,0,0,1,3,6,18.35,25.5,"funnel_precol1,hot12,hot16,hot20,hot4,hot8,ls2_lane,ls_col_42,set1_bonus,straight_lane,superhot_set1,vertical1,vertical2,vertical3,vt_only_lane,vt_straight"
069,125,27,27,10,3,20,6,5,19,7,0,0,3,3,7,17.791,25.5,"col1,funnel_precol1,hot12,hot16,hot20,hot4,hot8,ls2_lane,ls_col_42,set1_bonus,straight_lane,superhot_set1,vertical1,vertical2,vertical3,vt_only_lane,vt_straight"
699,25,24,24,4,3,15,2,2,9,6,0,0,3,3,6,17.708,25.5,"col1,funnel_precol1,hot12,hot16,hot20,hot4,hot8,ls2_lane,ls_col_42,set1_bonus,straight_lane,superhot_set1,vertical1,vertical2,vertical3,vt_only_lane,vt_straight"
067,123,21,21,4,3,12,2,3,12,12,0,0,2,3,7,17.695,25.5,"col1,funnel_precol1,hot16,hot20,hot4,hot8,ls2_lane,ls_col_42,set1_bonus,straight_lane,superhot_set1,vertical1,vertical2,vertical3,vt_only_lane,vt_straight"
012,123,22,22,2,3,14,0,2,11,5,0,0,3,3,6,17.62,25.5,"funnel_precol1,hot12,hot16,hot20,hot4,hot8,ls2_lane,ls_col_42,set1_bonus,straight_lane,superhot_set1,vertical1,vertical2,vertical3,vt_only_lane,vt_straight"
099,15,46,46,6,4,32,3,5,15,4,0,0,3,3,7,17.568,25.5,"col1,funnel_precol1,hot12,hot16,hot20,hot4,hot8,ls2_lane,ls_col_42,set1_bonus,straight_lane,superhot_set1,vertical1,vertical2,vertical3,vertical4,vt_only_lane,vt_straight"
567,123,22,22,2,3,14,0,2,11,11,0,0,3,3,6,17.557,25.5,"funnel_precol1,hot12,hot16,hot20,hot4,hot8,ls2_lane,ls_col_42,set1_bonus,straight_lane,superhot_set1,vertical1,vertical2,vertical3,vt_only_lane,vt_straight"
156,122,31,31,12,3,24,6,6,23,23,0,0,2,3,7,17.547,25.5,"col1,funnel_precol1,hot12,hot16,hot20,hot4,hot8,ls2_lane,ls_col_42,set1_bonus,superhot_set1,vertical1,vertical2,vertical3,vt_only_lane,vt_straight"
269,235,21,21,2,3,13,0,0,7,7,0,0,3,3,6,17.452,25.5,"hot12,hot16,hot20,hot4,hot8,set1_bonus,superhot_set1,vertical1,vertical2,vertical3,vt_only_lane,vt_straight"
125,123,21,21,4,3,12,2,2,12,12,0,0,2,3,7,17.381,25.5,"col1,funnel_precol1,hot16,hot20,hot4,hot8,ls2_lane,ls_col_42,set1_bonus,superhot_set1,vertical1,vertical2,vertical3,vt_only_lane,vt_straight"
112,23,27,27,3,3,16,0,2,11,11,0,0,2,3,6,17.341,25.5,"funnel_precol1,hot12,hot16,hot20,hot4,hot8,ls_col_42,set1_bonus,superhot_set1,vertical1,vertical2,vertical3,vt_only_lane,vt_straight"
225,13,21,21,5,3,16,0,9,1,1,0,0,3,3,6,17.752,25.3,"funnel_precol1,hot12,hot16,hot4,hot8,ls2_lane,ls_col_42,set1_bonus,straight_lane,superhot_set1,vertical1,vertical2,vertical3,vt_only_lane,vt_straight"
449,55,38,38,4,3,26,3,9,17,17,0,0,3,3,7,19.251,25.2,"col1,funnel_precol1,hot12,hot16,hot20,hot4,hot8,ls2_lane,ls_col_42,set1_bonus,straight_lane,superhot_set1,vertical1,vertical2,vertical3,vt_only_lane,vt_straight"
479,355,15,15,0,2,8,0,0,4,4,0,0,3,3,4,18.88,25.2,"hot12,hot16,hot20,set1_bonus,vertical1,vertical2,vt_only_lane,vt_straight"
446,25,42,42,2,3,29,1,5,13,12,0,0,3,3,7,18.802,25.2,"col1,funnel_precol1,hot12,hot16,hot20,hot4,hot8,ls2_lane,ls_col_42,set1_bonus,straight_lane,superhot_set1,vertical1,vertical2,vertical3,vt_only_lane,vt_straight"
114,25,23,23,4,3,16,2,3,13,11,0,0,3,3,7,18.576,25.2,"col1,funnel_precol1,hot12,hot16,hot20,hot4,hot8,ls2_lane,ls_col_42,set1_bonus,straight_lane,superhot_set1,vertical1,vertical2,vertical3,vt_only_lane,vt_straight"
469,255,25,25,2,3,22,1,3,8,8,0,0,3,2,7,18.352,25.2,"col1,funnel_precol1,hot12,hot16,hot20,hot4,hot8,ls2_lane,ls_col_42,set1_bonus,superhot_set1,vertical1,vertical2,vertical3,vt_only_lane,vt_straight"
049,155,25,25,4,4,21,2,3,11,4,0,0,3,3,7,18.3,25.2,"col1,funnel_precol1,hot12,hot16,hot20,hot4,hot8,ls2_lane,ls_col_42,set1_bonus,straight_lane,superhot_set1,vertical1,vertical2,vertical3,vertical4,vt_only_lane,vt_straight"
459,155,25,25,4,3,21,2,3,11,11,0,0,3,3,7,18.236,25.2,"col1,funnel_precol1,hot12,hot16,hot20,hot4,hot8,ls2_lane,ls_col_42,set1_bonus,straight_lane,superhot_set1,vertical1,vertical2,vertical3,vt_only_lane,vt_straight"
445,15,46,46,6,3,32,2,8,15,11,0,0,3,3,7,18.114,25.2,"col1,funnel_precol1,hot12,hot16,hot20,hot4,hot8,ls2_lane,ls_col_42,set1_bonus,straight_lane,superhot_set1,vertical1,vertical2,vertical3,vt_only_lane,vt_straight"
144,25,24,24,4,3,15,2,4,9,8,0,0,3,3,6,18.112,25.2,"col1,funnel_precol1,hot12,hot16,hot20,hot4,hot8,ls2_lane,ls_col_42,set1_bonus,straight_lane,superhot_set1,vertical1,vertical2,vertical3,vt_only_lane,vt_straight"
447,35,26,26,0,3,13,0,2,7,6,0,0,3,3,5,17.942,25.2,"funnel_precol1,hot12,hot16,hot20,hot8,ls2_lane,ls_col_42,set1_bonus,straight_lane,vertical1,vertical2,vertical3,vt_only_lane,vt_straight"
044,15,25,25,5,3,15,2,4,12,12,0,0,3,3,7,17.632,25.2,"col1,funnel_precol1,hot12,hot16,hot20,hot4,hot8,ls2_lane,ls_col_42,set1_bonus,straight_lane,superhot_set1,vertical1,vertical2,vertical3,vt_only_lane,vt_straight"
015,112,25,25,10,4,23,5,9,19,5,0,0,3,3,7,17.404,25.2,"col1,funnel_precol1,hot12,hot16,hot20,hot4,hot8,ls2_lane,ls_col_42,set1_bonus,straight_lane,superhot_set1,vertical1,vertical2,vertical3,vertical4,vt_only_lane,vt_straight"
145,125,27,27,10,3,20,6,4,19,18,0,0,3,3,7,17.139,25.2,"col1,funnel_precol1,hot12,hot16,hot20,hot4,hot8,ls2_lane,ls_col_42,set1_bonus,straight_lane,superhot_set1,vertical1,vertical2,vertical3,vt_only_lane,vt_straight"
045,115,24,24,9,3,18,4,5,16,15,0,0,3,3,7,16.165,25.2,"col1,funnel_precol1,hot12,hot16,hot20,hot4,hot8,ls2_lane,ls_col_42,set1_bonus,straight_lane,superhot_set1,vertical1,vertical2,vertical3,vt_only_lane,vt_straight"
089,145,38,38,11,3,30,6,6,22,20,0,0,3,3,7,17.428,25.1,"col1,funnel_precol1,hot12,hot16,hot20,hot4,hot8,ls2_lane,ls_col_42,set1_bonus,straight_lane,superhot_set1,vertical1,vertical2,vertical3,vt_only_lane,vt_straight"
468,245,44,44,10,3,35,5,7,16,14,0,0,3,3,7,17.378,25.1,"col1,funnel_precol1,hot12,hot16,hot20,hot4,hot8,ls2_lane,ls_col_42,set1_bonus,straight_lane,superhot_set1,vertical1,vertical2,vertical3,vt_only_lane,vt_straight"
458,145,29,29,12,3,21,6,7,17,17,0,0,3,3,6,16.962,25.1,"col1,funnel_precol1,hot12,hot16,hot20,hot4,hot8,ls2_lane,ls_col_42,set1_bonus,straight_lane,superhot_set1,vertical1,vertical2,vertical3,vt_only_lane,vt_straight"
039,145,29,29,12,3,21,7,6,17,17,0,0,3,3,6,16.855,25.1,"col1,funnel_precol1,hot12,hot16,hot20,hot4,hot8,ls2_lane,ls_col_42,set1_bonus,straight_lane,superhot_set1,vertical1,vertical2,vertical3,vt_only_lane,vt_straight"
139,245,44,44,10,3,35,5,3,16,16,0,0,3,3,7,16.81,25.1,"col1,funnel_precol1,hot12,hot16,hot20,hot4,hot8,ls2_lane,ls_col_42,set1_bonus,superhot_set1,vertical1,vertical3,vt_only_lane,vt_straight"
009,15,32,32,8,3,21,3,3,13,10,0,0,3,3,7,16.656,25.1,"col1,funnel_precol1,hot12,hot16,hot20,hot4,hot8,ls2_lane,ls_col_42,set1_bonus,straight_lane,superhot_set1,vertical1,vertical2,vertical3,vt_only_lane,vt_straight"
224,35,17,17,5,3,16,0,9,0,0,0,0,2,2,6,17.844,25.0,"funnel_precol1,hot12,hot16,hot4,hot8,ls2_lane,ls_col_42,set1_bonus,straight_lane,superhot_set1,vertical3"
366,24,31,31,14,4,30,7,11,17,1,0,0,3,2,7,18.273,24.9,"col1,funnel_precol1,hot12,hot16,hot20,hot4,hot8,ls2_lane,ls_col_42,set1_bonus,straight_lane,superhot_set1,vertical1,vertical2,vertical3,vertical4,vt_only_lane,vt_straight"
457,135,14,14,1,3,7,0,1,7,7,0,0,3,3,6,17.732,24.9,"funnel_precol1,hot12,hot16,hot20,hot4,hot8,ls2_lane,set1_bonus,superhot_set1,vertical1,vertical2,vertical3,vt_only_lane,vt_straight"
025,113,14,14,1,3,8,0,2,7,6,0,0,2,3,6,17.1,24.9,"funnel_precol1,hot12,hot16,hot20,hot4,hot8,ls2_lane,ls_col_42,set1_bonus,straight_lane,superhot_set1,vertical1,vertical2,vertical3,vt_only_lane,vt_straight"
244,35,21,21,0,4,15,0,4,3,0,0,0,3,3,5,18.819,24.45,"funnel_precol1,hot12,hot16,hot20,hot8,ls2_lane,ls_col_42,set1_bonus,straight_lane,vertical3,vertical4,vt_straight"
559,15,17,17,4,3,13,0,6,5,1,0,0,2,3,6,18.5,24.45,"funnel_precol1,hot12,hot16,hot20,hot4,hot8,ls2_lane,ls_col_42,set1_bonus,straight_lane,superhot_set1,vertical1,vertical3,vt_only_lane,vt_straight"
688,24,32,32,8,4,25,4,9,14,8,0,0,3,3,7,17.93,24.45,"col1,funnel_precol1,hot12,hot16,hot20,hot4,hot8,ls2_lane,ls_col_42,set1_bonus,straight_lane,superhot_set1,vertical1,vertical3,vertical4,vt_only_lane,vt_straight"
234,345,22,22,2,4,12,1,0,6,0,0,0,3,3,6,17.768,24.15,"col1,hot12,hot16,hot20,hot4,hot8,ls2_lane,ls_col_42,set1_bonus,straight_lane,superhot_set1,vertical1,vertical2,vertical3,vertical4,vt_straight"
226,23,21,21,5,3,16,0,9,1,1,0,0,3,3,6,17.067,24.1,"funnel_precol1,hot12,hot16,hot4,hot8,ls2_lane,ls_col_42,set1_bonus,straight_lane,superhot_set1,vertical1,vertical3,vt_only_lane,vt_straight"
058,114,26,26,13,4,23,7,11,20,16,0,0,3,2,6,16.423,23.75,"col1,funnel_precol1,hot12,hot16,hot4,hot8,ls2_lane,ls_col_42,set1_bonus,straight_lane,superhot_set1,vertical1,vertical2,vertical3,vertical4,vt_only_lane,vt_straight"
007,13,18,18,5,4,10,2,2,8,6,0,1,3,3,6,15.964,23.65,"col1,funnel_precol1,hot16,hot4,hot8,literal_draw,ls2_lane,ls_col_42,set1_bonus,straight_lane,superhot_set1,vertical1,vertical2,vertical3,vertical4,vt_only_lane,vt_straight"
689,245,41,41,8,3,34,4,6,17,16,0,0,3,3,7,17.801,23.55,"col1,funnel_precol1,hot12,hot16,hot20,hot4,hot8,ls2_lane,ls_col_42,set1_bonus,straight_lane,superhot_set1,vertical1,vertical2,vertical3,vt_only_lane,vt_straight"
118,24,31,31,14,4,30,6,7,17,14,0,0,3,2,7,17.076,23.55,"col1,funnel_precol1,hot12,hot16,hot20,hot4,hot8,ls2_lane,ls_col_42,set1_bonus,straight_lane,superhot_set1,vertical1,vertical2,vertical3,vertical4,vt_only_lane,vt_straight"
113,24,39,39,18,3,37,8,7,19,17,0,0,3,3,7,16.346,23.55,"col1,funnel_precol1,hot12,hot16,hot20,hot4,hot8,ls2_lane,ls_col_42,set1_bonus,straight_lane,superhot_set1,vertical1,vertical2,vertical3,vt_only_lane,vt_straight"
237,334,7,7,1,1,4,0,0,3,1,0,2,3,3,5,15.743,23.35,"hot12,hot16,hot8,literal_draw,set1_bonus,straight_lane,superhot_set1,vertical1,vt_only_lane,vt_straight"
339,45,59,59,12,3,37,7,14,26,12,0,0,3,3,7,17.896,23.25,"col1,funnel_precol1,hot12,hot16,hot20,hot4,hot8,ls2_lane,ls_col_42,set1_bonus,straight_lane,superhot_set1,vertical1,vertical2,vertical3,vt_only_lane,vt_straight"
336,24,34,34,8,4,29,4,8,13,5,0,0,3,3,7,17.253,23.25,"col1,funnel_precol1,hot12,hot16,hot20,hot4,hot8,ls2_lane,ls_col_42,set1_bonus,straight_lane,superhot_set1,vertical1,vertical2,vertical3,vertical4,vt_only_lane,vt_straight"
238,344,18,18,1,2,8,0,0,4,1,0,0,3,3,5,17.097,23.25,"hot12,hot16,hot20,hot4,hot8,ls_col_42,set1_bonus,straight_lane,superhot_set1,vertical1,vertical2,vt_only_lane,vt_straight"
359,145,29,29,9,3,23,4,6,12,8,0,0,2,3,7,16.979,23.25,"col1,funnel_precol1,hot12,hot16,hot20,hot4,hot8,ls2_lane,ls_col_42,set1_bonus,straight_lane,superhot_set1,vertical1,vertical2,vertical3,vt_only_lane,vt_straight"
588,14,35,35,10,3,22,4,6,17,13,0,0,3,3,7,16.841,23.25,"col1,funnel_precol1,hot12,hot16,hot20,hot4,hot8,ls2_lane,ls_col_42,set1_bonus,straight_lane,superhot_set1,vertical1,vertical2,vertical3,vt_only_lane,vt_straight"
239,345,26,26,4,2,16,0,1,5,3,0,0,3,3,6,15.74,23.25,"funnel_precol1,hot12,hot16,hot20,hot4,hot8,ls2_lane,ls_col_42,set1_bonus,straight_lane,superhot_set1,vertical1,vertical2,vt_only_lane,vt_straight"
236,234,23,23,4,3,16,1,2,6,5,0,0,3,3,7,15.117,23.25,"col1,funnel_precol1,hot12,hot16,hot20,hot4,hot8,ls2_lane,ls_col_42,set1_bonus,straight_lane,superhot_set1,vertical1,vertical2,vertical3,vt_only_lane,vt_straight"
168,224,30,30,14,4,27,7,10,18,2,0,0,3,3,7,17.168,22.95,"col1,funnel_precol1,hot12,hot16,hot20,hot4,hot8,ls2_lane,ls_col_42,set1_bonus,straight_lane,superhot_set1,vertical1,vertical2,vertical3,vertical4,vt_only_lane,vt_straight"
055,11,19,19,7,4,15,1,10,13,3,0,0,3,3,7,16.871,22.95,"col1,funnel_precol1,hot12,hot16,hot4,hot8,ls2_lane,ls_col_42,set1_bonus,straight_lane,superhot_set1,vertical1,vertical2,vertical3,vertical4,vt_only_lane,vt_straight"
488,45,59,59,12,3,37,6,14,26,26,0,0,3,3,7,17.735,22.85,"col1,funnel_precol1,hot12,hot16,hot20,hot4,hot8,ls2_lane,ls_col_42,set1_bonus,straight_lane,superhot_set1,vertical1,vertical2,vertical3,vt_only_lane,vt_straight"
035,114,26,26,13,3,23,7,10,20,18,0,0,3,2,6,16.296,22.55,"col1,funnel_precol1,hot12,hot16,hot4,hot8,ls2_lane,ls_col_42,set1_bonus,straight_lane,superhot_set1,vertical1,vertical2,vertical3,vt_only_lane,vt_straight"
005,11,19,19,7,4,15,1,9,13,10,0,0,3,3,7,16.513,22.05,"col1,funnel_precol1,hot12,hot16,hot4,hot8,ls2_lane,ls_col_42,set1_bonus,straight_lane,superhot_set1,vertical1,vertical2,vertical3,vertical4,vt_only_lane,vt_straight"
068,124,27,27,14,3,25,7,9,19,17,0,0,3,3,7,16.47,22.05,"col1,funnel_precol1,hot12,hot16,hot4,hot8,ls2_lane,ls_col_42,set1_bonus,straight_lane,superhot_set1,vertical1,vertical2,vertical3,vt_only_lane,vt_straight"
158,124,30,30,14,3,28,7,8,19,15,0,0,3,2,7,16.295,22.05,"col1,funnel_precol1,hot12,hot16,hot20,hot4,hot8,ls2_lane,ls_col_42,set1_bonus,straight_lane,superhot_set1,vertical1,vertical2,vertical3,vt_only_lane,vt_straight"
135,124,27,27,14,3,25,7,8,19,19,0,0,3,3,7,16.259,22.05,"col1,funnel_precol1,hot12,hot16,hot4,hot8,ls2_lane,ls_col_42,set1_bonus,superhot_set1,vertical1,vertical2,vertical3,vt_only_lane,vt_straight"
136,224,30,30,14,3,27,7,7,18,18,0,0,3,3,7,16.045,22.05,"col1,funnel_precol1,hot12,hot16,hot20,hot4,hot8,ls2_lane,ls_col_42,set1_bonus,superhot_set1,vertical1,vertical2,vertical3,vt_only_lane,vt_straight"
036,124,30,30,14,3,28,7,8,19,19,0,0,3,2,7,16.005,22.05,"col1,funnel_precol1,hot12,hot16,hot20,hot4,hot8,ls2_lane,ls_col_42,set1_bonus,superhot_set1,vertical1,vertical2,vertical3,vt_only_lane,vt_straight"
006,12,25,25,10,3,21,3,8,14,12,0,0,3,3,7,15.926,22.05,"col1,funnel_precol1,hot12,hot16,hot4,hot8,ls2_lane,ls_col_42,set1_bonus,straight_lane,superhot_set1,vertical1,vertical2,vertical3,vt_only_lane,vt_straight"
155,12,25,25,10,3,21,3,7,14,11,0,0,3,3,7,15.882,22.05,"col1,funnel_precol1,hot12,hot16,hot4,hot8,ls2_lane,ls_col_42,set1_bonus,straight_lane,superhot_set1,vertical1,vertical2,vertical3,vt_only_lane,vt_straight"
148,245,29,29,8,3,26,4,4,10,9,0,0,3,2,7,17.062,21.85,"col1,funnel_precol1,hot12,hot16,hot20,hot4,hot8,ls2_lane,ls_col_42,set1_bonus,straight_lane,superhot_set1,vertical1,vertical2,vertical3,vt_only_lane,vt_straight"
369,245,29,29,8,3,26,4,2,10,10,0,0,3,2,7,16.728,21.85,"col1,funnel_precol1,hot12,hot16,hot20,hot4,hot8,ls2_lane,ls_col_42,set1_bonus,superhot_set1,vertical1,vertical3,vt_only_lane,vt_straight"
789,345,22,22,2,3,12,1,0,6,6,0,0,3,3,6,16.455,21.85,"col1,hot12,hot16,hot20,hot4,hot8,ls2_lane,ls_col_42,set1_bonus,superhot_set1,vertical1,vertical3,vt_only_lane,vt_straight"
248,345,21,21,4,2,13,2,1,6,5,0,0,3,3,7,16.083,21.85,"col1,funnel_precol1,hot12,hot16,hot20,hot8,ls2_lane,ls_col_42,set1_bonus,straight_lane,superhot_set1,vertical1,vertical2,vt_only_lane,vt_straight"
288,34,9,9,0,1,3,0,0,3,3,0,0,2,3,4,17.633,21.55,"hot12,hot16,hot20,set1_bonus,vertical1,vt_only_lane,vt_straight"
337,34,9,9,0,1,3,0,0,3,3,0,0,2,3,4,17.633,21.55,"hot12,hot16,hot20,set1_bonus,vertical1,vt_only_lane,vt_straight"
034,145,25,25,5,3,19,2,3,9,7,0,0,3,3,7,16.794,21.55,"col1,funnel_precol1,hot12,hot16,hot20,hot4,hot8,ls2_lane,ls_col_42,set1_bonus,straight_lane,superhot_set1,vertical1,vertical3,vt_only_lane,vt_straight"
347,345,15,15,1,2,8,0,1,4,3,0,0,3,3,5,16.783,21.55,"funnel_precol1,hot12,hot16,hot20,hot4,hot8,ls_col_42,set1_bonus,straight_lane,superhot_set1,vertical1,vertical2,vt_only_lane,vt_straight"
589,145,25,25,5,3,19,2,3,9,8,0,0,3,3,7,16.782,21.55,"col1,funnel_precol1,hot12,hot16,hot20,hot4,hot8,ls2_lane,ls_col_42,set1_bonus,straight_lane,superhot_set1,vertical1,vertical2,vertical3,vt_only_lane,vt_straight"
378,344,18,18,1,1,8,0,0,4,4,0,0,3,3,5,16.603,21.55,"hot12,hot16,hot20,hot4,hot8,ls_col_42,set1_bonus,straight_lane,superhot_set1,vertical1,vt_only_lane,vt_straight"
033,14,35,35,10,3,22,5,6,17,15,0,0,3,3,7,16.49,21.55,"col1,funnel_precol1,hot12,hot16,hot20,hot4,hot8,ls2_lane,ls_col_42,set1_bonus,straight_lane,superhot_set1,vertical1,vertical2,vertical3,vt_only_lane,vt_straight"
133,24,32,32,8,4,25,4,8,14,4,0,0,3,3,7,16.477,21.55,"col1,funnel_precol1,hot12,hot16,hot20,hot4,hot8,ls2_lane,ls_col_42,set1_bonus,straight_lane,superhot_set1,vertical1,vertical2,vertical3,vertical4,vt_only_lane,vt_straight"
048,145,29,29,9,3,23,4,5,12,12,0,0,2,3,7,16.414,21.55,"col1,funnel_precol1,hot12,hot16,hot20,hot4,hot8,ls2_lane,ls_col_42,set1_bonus,superhot_set1,vertical1,vertical2,vertical3,vt_only_lane,vt_straight"
004,15,17,17,4,2,13,0,4,5,4,0,0,2,3,6,16.106,21.55,"funnel_precol1,hot12,hot16,hot20,hot4,hot8,ls2_lane,ls_col_42,set1_bonus,straight_lane,superhot_set1,vertical1,vertical2,vt_only_lane,vt_straight"
289,345,15,15,1,1,8,0,0,4,4,0,0,3,3,5,15.983,21.55,"hot12,hot16,hot20,hot4,hot8,set1_bonus,superhot_set1,vertical1,vt_only_lane,vt_straight"
799,35,21,21,0,1,15,0,0,3,3,0,0,3,3,5,15.871,21.55,"hot12,hot16,hot20,hot8,set1_bonus,vertical1,vt_only_lane,vt_straight"
178,234,23,23,4,3,16,1,5,6,6,0,0,3,3,7,15.8,21.55,"col1,funnel_precol1,hot12,hot16,hot20,hot4,hot8,ls2_lane,ls_col_42,set1_bonus,straight_lane,superhot_set1,vertical1,vertical2,vertical3,vt_only_lane,vt_straight"
478,345,26,26,4,1,16,0,3,5,5,0,0,3,3,6,15.46,21.55,"funnel_precol1,hot12,hot16,hot20,hot4,hot8,ls2_lane,ls_col_42,set1_bonus,straight_lane,superhot_set1,vertical1,vt_only_lane,vt_straight"
137,234,25,25,6,3,19,3,1,7,7,0,0,3,3,7,14.84,21.55,"col1,funnel_precol1,hot12,hot16,hot20,hot4,hot8,ls2_lane,ls_col_42,set1_bonus,superhot_set1,vertical1,vertical3,vt_only_lane,vt_straight"
268,234,25,25,6,3,19,3,1,7,7,0,0,3,3,7,14.84,21.55,"col1,funnel_precol1,hot12,hot16,hot20,hot4,hot8,ls2_lane,ls_col_42,set1_bonus,superhot_set1,vertical1,vertical3,vt_only_lane,vt_straight"
678,234,16,16,4,3,12,1,3,5,3,0,0,3,3,7,14.616,21.55,"col1,funnel_precol1,hot12,hot16,hot20,hot4,hot8,ls2_lane,ls_col_42,set1_bonus,straight_lane,superhot_set1,vertical1,vertical2,vertical3,vt_only_lane,vt_straight"
123,234,16,16,4,3,12,1,2,5,5,0,0,3,3,7,14.028,21.55,"col1,funnel_precol1,hot12,hot16,hot20,hot4,hot8,ls2_lane,set1_bonus,superhot_set1,vertical1,vertical3,vt_only_lane,vt_straight"
077,13,21,21,5,4,16,0,0,1,0,0,0,3,3,6,15.029,21.15,"hot12,hot16,hot4,hot8,set1_bonus,straight_lane,superhot_set1,vertical2,vertical4,vt_straight"
177,23,21,21,5,4,16,0,0,1,0,0,0,3,3,6,15.029,21.15,"hot12,hot16,hot4,hot8,set1_bonus,straight_lane,superhot_set1,vertical2,vertical4,vt_straight"
778,34,11,11,1,3,5,0,0,3,0,0,0,3,3,5,16.041,20.55,"hot12,hot16,hot4,hot8,ls_col_42,set1_bonus,straight_lane,superhot_set1,vertical1,vertical2,vertical3,vt_straight"
677,23,7,7,2,3,3,0,0,2,0,0,0,2,3,4,15.407,20.55,"hot16,hot4,hot8,ls_col_42,set1_bonus,straight_lane,superhot_set1,vertical1,vertical2,vertical3,vt_straight"
002,13,9,9,3,3,4,0,1,2,1,0,0,2,3,4,14.794,20.55,"funnel_precol1,hot16,hot4,hot8,ls_col_42,set1_bonus,straight_lane,superhot_set1,vertical1,vertical3,vt_only_lane,vt_straight"
255,13,18,18,5,3,10,2,6,7,1,0,0,3,3,6,16.75,20.25,"col1,funnel_precol1,hot16,hot4,hot8,ls2_lane,ls_col_42,set1_bonus,straight_lane,superhot_set1,vertical1,vertical2,vertical3,vt_only_lane,vt_straight"
223,34,11,11,1,3,5,0,1,3,3,0,0,3,3,5,16.123,20.25,"funnel_precol1,hot12,hot16,hot4,hot8,ls_col_42,set1_bonus,straight_lane,superhot_set1,vertical1,vertical3,vt_only_lane,vt_straight"
557,13,9,9,3,3,4,0,3,2,1,0,0,2,3,4,15.461,20.25,"funnel_precol1,hot16,hot4,hot8,ls2_lane,ls_col_42,set1_bonus,straight_lane,superhot_set1,vertical1,vertical2,vertical3,vt_only_lane,vt_straight"
788,34,12,12,1,3,8,0,2,3,1,0,0,3,3,6,15.417,20.25,"funnel_precol1,hot12,hot16,hot4,hot8,ls2_lane,ls_col_42,set1_bonus,straight_lane,superhot_set1,vertical1,vertical2,vertical3,vt_only_lane,vt_straight"
122,23,7,7,2,3,3,0,0,2,2,0,0,2,3,4,14.436,20.25,"hot16,hot4,hot8,set1_bonus,superhot_set1,vertical1,vertical3,vt_only_lane,vt_straight"
258,134,10,10,3,2,7,2,1,4,2,0,0,2,3,7,15.8,19.95,"col1,funnel_precol1,hot12,hot16,hot8,ls2_lane,set1_bonus,straight_lane,superhot_set1,vertical1,vertical2,vt_only_lane,vt_straight"
235,134,16,16,3,4,12,1,3,6,1,0,0,3,3,7,15.378,19.95,"col1,funnel_precol1,hot12,hot16,hot4,hot8,ls2_lane,ls_col_42,set1_bonus,straight_lane,superhot_set1,vertical1,vertical2,vertical4,vt_only_lane,vt_straight"
088,14,20,20,10,3,19,5,6,11,6,0,0,2,2,7,15.945,19.75,"col1,funnel_precol1,hot12,hot16,hot4,hot8,ls2_lane,ls_col_42,set1_bonus,straight_lane,superhot_set1,vertical1,vertical2,vertical3,vt_only_lane,vt_straight"
477,35,7,7,0,2,3,0,0,2,0,0,0,3,3,4,16.664,19.65,"hot12,hot16,hot8,ls_col_42,set1_bonus,straight_lane,vertical1,vertical2,vt_straight"
577,13,5,5,0,2,3,0,0,2,0,0,0,2,3,4,16.25,19.65,"hot12,hot16,hot8,ls_col_42,set1_bonus,straight_lane,vertical1,vertical2,vt_straight"
357,134,8,8,1,2,4,0,0,2,1,0,0,2,3,5,14.756,19.65,"hot12,hot16,hot4,hot8,ls_col_42,set1_bonus,straight_lane,superhot_set1,vertical1,vertical2,vt_only_lane,vt_straight"
229,35,7,7,0,2,3,0,0,2,2,0,0,3,3,4,16.179,19.55,"hot12,hot16,hot8,set1_bonus,straight_lane,vertical1,vertical2,vt_only_lane,vt_straight"
779,35,17,17,5,0,16,0,0,0,0,0,0,2,2,6,13.603,19.5,"hot12,hot16,hot4,hot8,set1_bonus,superhot_set1"
037,134,10,10,3,1,7,2,0,4,4,0,0,2,3,7,15.17,19.05,"col1,hot12,hot16,hot8,ls2_lane,set1_bonus,superhot_set1,vertical1,vt_only_lane,vt_straight"
022,13,5,5,0,1,3,0,0,2,2,0,0,2,3,4,15.45,18.75,"hot12,hot16,hot8,set1_bonus,vertical1,vt_only_lane,vt_straight"
233,34,12,12,1,2,8,0,2,3,2,0,0,3,3,6,14.708,18.75,"funnel_precol1,hot12,hot16,hot4,hot8,ls2_lane,ls_col_42,set1_bonus,straight_lane,superhot_set1,vertical1,vertical2,vt_only_lane,vt_straight"
028,134,8,8,1,1,4,0,0,2,2,0,0,2,3,5,14.094,18.75,"hot12,hot16,hot4,hot8,set1_bonus,superhot_set1,vertical1,vt_only_lane,vt_straight"
228,34,6,6,1,1,4,0,0,1,1,0,0,3,2,6,13.667,18.75,"hot12,hot16,hot8,set1_bonus,superhot_set1,vertical1,vt_only_lane,vt_straight"
377,34,6,6,1,1,4,0,0,1,1,0,0,3,2,6,13.667,18.75,"hot12,hot16,hot8,set1_bonus,superhot_set1,vertical1,vt_only_lane,vt_straight"
578,134,15,15,4,1,12,0,4,4,4,0,0,3,3,6,13.307,18.75,"funnel_precol1,hot12,hot16,hot4,hot8,ls2_lane,ls_col_42,set1_bonus,straight_lane,superhot_set1,vertical1,vt_only_lane,vt_straight"
023,134,15,15,4,1,12,0,2,4,4,0,0,3,3,6,12.573,18.75,"funnel_precol1,hot12,hot16,hot4,hot8,ls2_lane,set1_bonus,superhot_set1,vertical1,vt_only_lane,vt_straight"
278,334,5,5,1,1,4,0,0,1,1,0,0,2,2,4,12.4,18.75,"hot12,hot16,hot8,set1_bonus,superhot_set1,vertical1,vt_only_lane,vt_straight"
335,14,20,20,10,3,19,4,6,11,11,0,0,2,2,7,15.09,18.25,"col1,funnel_precol1,hot12,hot16,hot4,hot8,ls2_lane,ls_col_42,set1_bonus,straight_lane,superhot_set1,vertical1,vertical2,vertical3,vt_only_lane,vt_straight"
128,234,9,9,4,1,7,2,1,3,3,0,0,3,3,6,13.967,17.65,"col1,funnel_precol1,hot12,hot16,hot4,hot8,ls2_lane,set1_bonus,superhot_set1,vertical1,vt_only_lane,vt_straight"
367,234,9,9,4,1,7,2,1,3,3,0,0,3,3,6,13.967,17.65,"col1,funnel_precol1,hot12,hot16,hot4,hot8,ls2_lane,set1_bonus,superhot_set1,vertical1,vt_only_lane,vt_straight"
