area,section,set,draw,col,method,mode,dr_win_exact,dr_win_vtrac,dr_win_drop_exact,dr_win_drop_vtrac,dr_win_family_exact,dr_win_family_vtrac,dr_win_step_exact,dr_win_step_vtrac,dr_win_step_drop_exact,dr_win_step_drop_vtrac,dr_win_step_family_exact,dr_win_step_family_vtrac,dr_win_final_value,dr_win_drop_digit,dr_win_vtrac_local_index,dr_win_vt_boxed,dr_win_vt_straight
LS1,Midday,Set3,Draw1,7,A,combined,0,1,0,0,0,0,-1,2,-1,-1,-1,-1,,,-1,1,0
LS1,Midday,Set3,Draw1,7,B,combined,0,1,0,0,0,0,-1,2,-1,-1,-1,-1,,,-1,1,0
LS1,Midday,Set3,Draw1,6,A,combined,0,1,0,0,0,0,-1,2,-1,-1,-1,-1,,,-1,1,0
LS1,Midday,Set3,Draw1,6,B,combined,0,1,0,0,0,0,-1,2,-1,-1,-1,-1,,,-1,1,0
LS1,Midday,Set3,Draw1,6,E,combined,0,1,0,0,0,0,-1,2,-1,-1,-1,-1,,,-1,1,0
LS1,Midday,Set3,Draw1,5,A,combined,0,1,0,1,0,0,-1,2,-1,2,-1,-1,,,-1,1,0
LS1,Midday,Set3,Draw1,5,C,own,0,0,0,1,0,0,-1,-1,-1,1,-1,-1,,,-1,1,0
LS1,Midday,Set3,Draw1,5,C,combined,0,0,0,1,0,0,-1,-1,-1,1,-1,-1,,,-1,1,0
LS1,Midday,Set3,Draw1,5,D,own,0,0,0,1,0,0,-1,-1,-1,1,-1,-1,,,-1,1,0
LS1,Midday,Set3,Draw1,5,D,combined,0,0,0,1,0,0,-1,-1,-1,1,-1,-1,,,-1,1,0
LS1,Midday,Set3,Draw1,5,T,own,0,0,0,1,0,0,-1,-1,-1,1,-1,-1,,,-1,1,0
LS1,Midday,Set3,Draw1,5,T,combined,0,1,0,1,0,1,-1,2,-1,1,-1,2,,,-1,1,0
LS1,Midday,Set2,Draw1,7,B,combined,0,1,0,0,0,0,-1,2,-1,-1,-1,-1,,,-1,1,0
LS1,Midday,Set2,Draw1,7,E,combined,0,1,0,0,0,0,-1,2,-1,-1,-1,-1,,,-1,1,0
LS1,Midday,Set2,Draw1,6,C,own,0,0,0,1,0,0,-1,-1,-1,1,-1,-1,,,-1,1,0
LS1,Midday,Set2,Draw1,6,C,combined,0,0,0,1,0,0,-1,-1,-1,1,-1,-1,,,-1,1,0
LS1,Midday,Set2,Draw1,6,T,own,0,0,0,1,0,0,-1,-1,-1,1,-1,-1,,,-1,1,0
LS1,Midday,Set2,Draw1,6,T,combined,0,1,0,1,0,1,-1,2,-1,1,-1,2,,,-1,1,0
LS1,Midday,Set1,Draw1,7,A,combined,0,1,0,1,0,0,-1,5,-1,5,-1,-1,,,-1,1,0
LS1,Midday,Set1,Draw1,6,A,combined,0,1,0,1,0,0,-1,5,-1,5,-1,-1,,,-1,1,0
LS1,Midday,Set1,Draw2,6,A,combined,0,1,0,1,0,0,-1,5,-1,5,-1,-1,,,-1,1,0
LS1,Midday,Set1,Draw5,3,C,own,0,0,0,1,0,0,-1,-1,-1,1,-1,-1,,,-1,1,0
LS1,Midday,Set1,Draw5,3,C,combined,0,0,0,1,0,0,-1,-1,-1,1,-1,-1,,,-1,1,0
LS1,Midday,Set1,Draw5,3,T,own,0,0,0,1,0,0,-1,-1,-1,1,-1,-1,,,-1,1,0
LS1,Midday,Set1,Draw5,3,T,combined,0,0,0,1,0,0,-1,-1,-1,1,-1,-1,,,-1,1,0
LS1,Midday,Set1,Draw5,2,C,own,0,0,1,1,0,0,-1,-1,1,1,-1,-1,**,,-1,1,0
LS1,Midday,Set1,Draw5,2,C,combined,0,0,1,1,0,0,-1,-1,1,1,-1,-1,**,,-1,1,0
LS1,Midday,Set1,Draw5,2,T,own,0,0,1,1,0,0,-1,-1,1,1,-1,-1,**,,-1,1,0
LS1,Midday,Set1,Draw5,2,T,combined,0,0,1,1,0,0,-1,-1,1,1,-1,-1,**,,-1,1,0
LS1,Midday,Set1,Draw5,1,B,own,0,0,1,1,0,0,-1,-1,1,1,-1,-1,**,,-1,1,0
LS1,Midday,Set1,Draw5,1,B,combined,0,0,1,1,0,0,-1,-1,1,1,-1,-1,**,,-1,1,0
LS1,Midday,Set1,Draw5,1,C,own,0,0,1,1,0,0,-1,-1,1,1,-1,-1,**,,-1,1,0
LS1,Midday,Set1,Draw5,1,C,combined,0,0,1,1,0,0,-1,-1,1,1,-1,-1,**,,-1,1,0
LS1,Midday,Set1,Draw5,1,T,own,0,0,1,1,0,0,-1,-1,1,1,-1,-1,**,,-1,1,0
LS1,Midday,Set1,Draw5,1,T,combined,0,0,1,1,0,0,-1,-1,1,1,-1,-1,**,,-1,1,0
LS1,Midday,Set1,Draw6,2,A,combined,0,1,0,1,0,1,-1,5,-1,4,-1,5,,,-1,1,0
LS1,Midday,Set1,Draw6,2,C,own,0,0,1,1,0,0,-1,-1,1,1,-1,-1,,,-1,1,0
LS1,Midday,Set1,Draw6,2,C,combined,0,0,1,1,0,0,-1,-1,1,1,-1,-1,,,-1,1,0
LS1,Midday,Set1,Draw6,2,T,own,0,0,1,1,0,0,-1,-1,1,1,-1,-1,,,-1,1,0
LS1,Midday,Set1,Draw6,2,T,combined,0,1,1,1,0,1,-1,2,1,1,-1,2,,,-1,1,0
LS1,Midday,Set1,Draw7,1,A,combined,0,1,0,1,0,0,-1,5,-1,5,-1,-1,,,-1,1,0
LS1,Evening,Set1,Draw1,7,B,own,0,1,0,1,0,0,-1,1,-1,2,-1,-1,,,-1,1,0
LS1,Evening,Set1,Draw1,7,B,combined,0,1,0,1,0,0,-1,1,-1,3,-1,-1,,,-1,1,0
LS1,Evening,Set1,Draw1,6,A,own,0,0,0,1,0,0,-1,-1,-1,2,-1,-1,,,-1,1,0
LS1,Evening,Set1,Draw1,6,A,combined,0,0,0,1,0,0,-1,-1,-1,3,-1,-1,,,-1,1,0
LS1,Evening,Set1,Draw1,6,B,own,0,1,0,1,0,1,-1,1,-1,1,-1,2,,,-1,1,0
LS1,Evening,Set1,Draw1,6,B,combined,0,1,0,1,0,1,-1,1,-1,1,-1,3,,,-1,1,0
LS1,Evening,Set1,Draw1,6,E,own,0,1,0,1,0,1,-1,1,-1,1,-1,2,,,-1,1,0
LS1,Evening,Set1,Draw1,6,E,combined,0,1,0,1,0,1,-1,1,-1,1,-1,3,,,-1,1,0
LS1,Evening,Set1,Draw1,5,A,own,0,1,0,1,0,1,-1,1,-1,1,-1,2,*,,-1,1,0
LS1,Evening,Set1,Draw1,5,A,combined,0,1,0,1,0,1,-1,1,-1,1,-1,3,*,,-1,1,0
LS1,Evening,Set1,Draw1,5,B,own,0,1,0,1,0,1,-1,1,-1,1,-1,2,*,,-1,1,0
LS1,Evening,Set1,Draw1,5,B,combined,0,1,0,1,0,1,-1,1,-1,1,-1,3,*,,-1,1,0
LS1,Evening,Set1,Draw1,5,E,own,0,1,0,1,0,1,-1,1,-1,1,-1,2,*,,-1,1,0
LS1,Evening,Set1,Draw1,5,E,combined,0,1,0,1,0,1,-1,1,-1,1,-1,3,*,,-1,1,0
LS1,Evening,Set1,Draw1,4,A,own,0,1,0,1,0,1,-1,1,-1,1,-1,2,*,,-1,1,0
LS1,Evening,Set1,Draw1,4,A,combined,0,1,0,1,0,1,-1,1,-1,1,-1,3,*,,-1,1,0
LS1,Evening,Set1,Draw1,4,B,own,0,1,0,1,0,1,-1,1,-1,1,-1,2,*,,-1,1,0
LS1,Evening,Set1,Draw1,4,B,combined,0,1,0,1,0,1,-1,1,-1,1,-1,2,*,,-1,1,0
LS1,Evening,Set1,Draw1,4,E,own,0,1,0,1,0,1,-1,1,-1,1,-1,2,*,,-1,1,0
LS1,Evening,Set1,Draw1,4,E,combined,0,1,0,1,0,1,-1,1,-1,1,-1,2,*,,-1,1,0
LS1,Evening,Set1,Draw2,6,B,own,0,1,0,1,0,1,-1,1,-1,1,-1,2,,,-1,1,0
LS1,Evening,Set1,Draw2,6,B,combined,0,1,0,1,0,1,-1,1,-1,1,-1,3,,,-1,1,0
LS1,Evening,Set1,Draw2,6,E,own,0,1,0,1,0,1,-1,2,-1,2,-1,2,,,-1,1,0
LS1,Evening,Set1,Draw2,6,E,combined,0,1,0,1,0,1,-1,2,-1,2,-1,3,,,-1,1,0
LS1,Evening,Set1,Draw2,5,A,own,0,0,0,1,0,0,-1,-1,-1,2,-1,-1,,,-1,1,0
LS1,Evening,Set1,Draw2,5,A,combined,0,0,0,1,0,0,-1,-1,-1,3,-1,-1,,,-1,1,0
LS1,Evening,Set1,Draw2,5,B,own,0,1,0,1,0,1,-1,1,-1,1,-1,2,,,-1,1,0
LS1,Evening,Set1,Draw2,5,B,combined,0,1,0,1,0,1,-1,1,-1,1,-1,3,,,-1,1,0
LS1,Evening,Set1,Draw2,5,E,own,0,1,0,1,0,1,-1,1,-1,1,-1,2,,,-1,1,0
LS1,Evening,Set1,Draw2,5,E,combined,0,1,0,1,0,1,-1,1,-1,1,-1,3,,,-1,1,0
LS1,Evening,Set1,Draw2,4,A,own,0,0,0,1,0,0,-1,-1,-1,2,-1,-1,*,,-1,1,0
LS1,Evening,Set1,Draw2,4,A,combined,0,0,0,1,0,0,-1,-1,-1,3,-1,-1,*,,-1,1,0
LS1,Evening,Set1,Draw2,4,B,own,0,1,0,1,0,1,-1,1,-1,1,-1,2,*,,-1,1,0
LS1,Evening,Set1,Draw2,4,B,combined,0,1,0,1,0,1,-1,1,-1,1,-1,2,*,,-1,1,0
LS1,Evening,Set1,Draw2,4,E,own,0,1,0,1,0,1,-1,1,-1,1,-1,2,*,,-1,1,0
LS1,Evening,Set1,Draw2,4,E,combined,0,1,0,1,0,1,-1,1,-1,1,-1,2,*,,-1,1,0
LS1,Evening,Set1,Draw3,5,B,own,0,1,0,0,0,0,-1,1,-1,-1,-1,-1,,,-1,1,0
LS1,Evening,Set1,Draw3,5,B,combined,0,1,0,0,0,0,-1,1,-1,-1,-1,-1,,,-1,1,0
LS1,Evening,Set1,Draw3,5,E,own,0,1,0,1,0,1,-1,1,-1,3,-1,4,,,-1,1,0
LS1,Evening,Set1,Draw3,5,E,combined,0,1,0,0,0,1,-1,1,-1,-1,-1,4,,,-1,1,0
LS1,Evening,Set1,Draw3,4,B,own,0,1,0,1,0,0,-1,1,-1,2,-1,-1,,,-1,1,0
LS1,Evening,Set1,Draw3,4,B,combined,0,1,0,1,0,0,-1,1,-1,2,-1,-1,,,-1,1,0
LS1,Evening,Set1,Draw3,4,E,own,0,1,0,1,0,1,-1,1,-1,2,-1,3,,,-1,1,0
LS1,Evening,Set1,Draw3,4,E,combined,0,1,0,1,0,1,-1,1,-1,3,-1,4,,,-1,1,0
LS1,Evening,Set1,Draw3,3,E,own,0,1,0,0,0,1,-1,1,-1,-1,-1,2,*,,-1,1,0
LS1,Evening,Set1,Draw3,3,E,combined,0,1,0,1,0,1,-1,1,-1,2,-1,3,*,,-1,1,0
LS1,Evening,Set1,Draw3,2,E,own,0,1,0,0,0,1,-1,1,-1,-1,-1,1,**,,-1,1,0
LS1,Evening,Set1,Draw3,2,E,combined,0,1,0,0,0,1,-1,1,-1,-1,-1,1,**,,-1,1,0
LS1,Evening,Set1,Draw4,4,A,combined,0,0,0,1,0,0,-1,-1,-1,4,-1,-1,,,-1,1,0
LS1,Evening,Set1,Draw4,4,B,own,0,1,0,0,0,0,-1,1,-1,-1,-1,-1,,,-1,1,0
LS1,Evening,Set1,Draw4,4,B,combined,0,1,0,0,0,0,-1,1,-1,-1,-1,-1,,,-1,1,0
LS1,Evening,Set1,Draw4,4,E,own,0,1,1,1,0,1,-1,1,3,3,-1,5,,,-1,1,0
LS1,Evening,Set1,Draw4,4,E,combined,0,1,0,1,0,0,-1,1,-1,4,-1,-1,,,-1,1,0
LS1,Evening,Set1,Draw4,2,E,own,0,1,1,1,0,0,-1,1,1,1,-1,-1,**,,-1,1,0
LS1,Evening,Set1,Draw4,2,E,combined,0,1,1,1,0,0,-1,1,1,1,-1,-1,**,,-1,1,0
LS1,Combined,Set3,Draw1,7,E,own,0,1,0,0,0,0,-1,2,-1,-1,-1,-1,,,-1,1,0
LS1,Combined,Set3,Draw1,6,E,own,0,1,0,1,0,1,-1,2,-1,2,-1,3,,,-1,1,0
LS1,Combined,Set3,Draw1,5,E,own,0,1,0,1,0,1,-1,1,-1,2,-1,3,,,-1,1,0
LS1,Combined,Set3,Draw1,5,E,combined,0,1,0,0,0,0,-1,1,-1,-1,-1,-1,,,-1,1,0
LS1,Combined,Set2,Draw1,7,E,own,0,0,0,1,0,0,-1,-1,-1,3,-1,-1,,,-1,1,0
LS1,Combined,Set2,Draw1,6,E,own,0,0,0,1,0,0,-1,-1,-1,3,-1,-1,,,-1,1,0
LS1,Combined,Set1,Draw1,7,A,own,0,0,0,1,0,0,-1,-1,-1,3,-1,-1,,,-1,1,0
LS1,Combined,Set1,Draw1,7,A,combined,0,0,0,1,0,0,-1,-1,-1,5,-1,-1,,,-1,1,0
LS1,Combined,Set1,Draw1,7,B,own,0,1,0,0,0,1,-1,2,-1,-1,-1,2,,,-1,1,0
LS1,Combined,Set1,Draw1,7,E,own,0,0,0,1,0,0,-1,-1,-1,3,-1,-1,,,-1,1,0
LS1,Combined,Set1,Draw1,7,E,combined,0,1,0,1,0,1,-1,2,-1,3,-1,4,,,-1,1,0
LS1,Combined,Set1,Draw2,6,A,own,0,0,0,1,0,0,-1,-1,-1,3,-1,-1,9,,-1,1,0
LS1,Combined,Set1,Draw2,6,A,combined,0,0,0,1,0,0,-1,-1,-1,5,-1,-1,9,,-1,1,0
LS1,Combined,Set1,Draw2,6,B,own,0,1,0,0,0,1,-1,3,-1,-1,-1,3,,,-1,1,0
LS1,Combined,Set1,Draw2,6,E,own,1,1,1,1,1,1,3,3,3,3,3,3,,,-1,1,0
LS1,Combined,Set1,Draw2,6,E,combined,0,1,0,1,0,1,-1,5,-1,4,-1,5,,,-1,1,0
LS1,Combined,Set1,Draw2,5,E,own,1,1,0,0,1,1,3,3,-1,-1,3,3,,,-1,1,0
LS1,Combined,Set1,Draw3,5,E,own,1,1,0,0,0,0,3,3,-1,-1,-1,-1,,,-1,1,0
LS1,Combined,Set1,Draw6,2,B,own,0,1,0,0,0,0,-1,1,-1,-1,-1,-1,,,-1,1,0
LS1,Combined,Set1,Draw6,2,B,combined,0,1,0,0,0,0,-1,1,-1,-1,-1,-1,,,-1,1,0
LS1,Combined,Set1,Draw7,1,B,own,0,1,0,0,0,0,-1,1,-1,-1,-1,-1,,,-1,1,0
LS1,Combined,Set1,Draw7,1,B,combined,0,1,0,0,0,0,-1,1,-1,-1,-1,-1,,,-1,1,0
LS1,Combined,Set1,Draw7,1,E,own,0,1,0,0,0,0,-1,2,-1,-1,-1,-1,,,-1,1,0
LS2,Midday,Set1,Draw4,3,C,own,0,0,1,1,0,0,-1,-1,1,1,-1,-1,,,-1,1,0
LS2,Midday,Set1,Draw4,3,C,combined,0,0,1,1,0,0,-1,-1,1,1,-1,-1,,,-1,1,0
LS2,Midday,Set1,Draw4,3,T,own,0,0,1,1,0,0,-1,-1,1,1,-1,-1,,,-1,1,0
LS2,Midday,Set1,Draw4,3,T,combined,0,0,1,1,0,0,-1,-1,1,1,-1,-1,,,-1,1,0
LS2,Midday,Set1,Draw6,1,A,combined,0,1,0,1,0,1,-1,5,-1,4,-1,5,*,,-1,1,0
LS2,Midday,Set1,Draw6,1,C,own,0,0,1,1,0,0,-1,-1,1,1,-1,-1,*,,-1,1,0
LS2,Midday,Set1,Draw6,1,C,combined,0,0,1,1,0,0,-1,-1,1,1,-1,-1,*,,-1,1,0
LS2,Midday,Set1,Draw6,1,T,own,0,0,1,1,0,0,-1,-1,1,1,-1,-1,*,,-1,1,0
LS2,Midday,Set1,Draw6,1,T,combined,0,0,1,1,0,0,-1,-1,1,1,-1,-1,*,,-1,1,0
LS2,Evening,Set1,Draw4,3,E,own,0,1,1,1,0,0,-1,1,2,2,-1,-1,,,-1,1,0
LS2,Evening,Set1,Draw4,3,E,combined,0,1,1,1,0,0,-1,1,3,3,-1,-1,,,-1,1,0
