Location,Method,Mode,Final,Steps
Midday|Set3|Draw1|col7,A,own,7,29
Midday|Set3|Draw1|col7,A,combined,,12
Midday|Set3|Draw1|col7,B,own,,4
Midday|Set3|Draw1|col7,B,combined,,6
Midday|Set3|Draw1|col7,C,own,,3
Midday|Set3|Draw1|col7,C,combined,,4
Midday|Set3|Draw1|col7,D,own,,4
Midday|Set3|Draw1|col7,D,combined,,4
Midday|Set3|Draw1|col7,E,own,,7
Midday|Set3|Draw1|col7,E,combined,,12
Midday|Set3|Draw1|col7,T,own,,7
Midday|Set3|Draw1|col7,T,combined,,12
Midday|Set3|Draw1|col6,A,own,7,29
Midday|Set3|Draw1|col6,A,combined,,12
Midday|Set3|Draw1|col6,B,own,,4
Midday|Set3|Draw1|col6,B,combined,,6
Midday|Set3|Draw1|col6,C,own,,3
Midday|Set3|Draw1|col6,C,combined,,4
Midday|Set3|Draw1|col6,D,own,,3
Midday|Set3|Draw1|col6,D,combined,,4
Midday|Set3|Draw1|col6,E,own,,7
Midday|Set3|Draw1|col6,E,combined,,12
Midday|Set3|Draw1|col6,T,own,,7
Midday|Set3|Draw1|col6,T,combined,,12
Midday|Set3|Draw1|col5,A,own,7,29
Midday|Set3|Draw1|col5,A,combined,,7
Midday|Set3|Draw1|col5,B,own,,3
Midday|Set3|Draw1|col5,B,combined,,4
Midday|Set3|Draw1|col5,C,own,,3
Midday|Set3|Draw1|col5,C,combined,,4
Midday|Set3|Draw1|col5,D,own,,3
Midday|Set3|Draw1|col5,D,combined,,4
Midday|Set3|Draw1|col5,E,own,,5
Midday|Set3|Draw1|col5,E,combined,,6
Midday|Set3|Draw1|col5,T,own,,3
Midday|Set3|Draw1|col5,T,combined,,4
Midday|Set3|Draw1|col4,A,own,7*,29
Midday|Set3|Draw1|col4,A,combined,*,57
Midday|Set3|Draw1|col4,B,own,*,29
Midday|Set3|Draw1|col4,B,combined,*,57
Midday|Set3|Draw1|col4,C,own,*,29
Midday|Set3|Draw1|col4,C,combined,*,57
Midday|Set3|Draw1|col4,D,own,*,29
Midday|Set3|Draw1|col4,D,combined,*,57
Midday|Set3|Draw1|col4,E,own,*,29
Midday|Set3|Draw1|col4,E,combined,*,57
Midday|Set3|Draw1|col4,T,own,*,29
Midday|Set3|Draw1|col4,T,combined,*,57
Midday|Set2|Draw1|col7,A,own,7,29
Midday|Set2|Draw1|col7,A,combined,,12
Midday|Set2|Draw1|col7,B,own,,5
Midday|Set2|Draw1|col7,B,combined,,7
Midday|Set2|Draw1|col7,C,own,,3
Midday|Set2|Draw1|col7,C,combined,,4
Midday|Set2|Draw1|col7,D,own,,4
Midday|Set2|Draw1|col7,D,combined,,6
Midday|Set2|Draw1|col7,E,own,,7
Midday|Set2|Draw1|col7,E,combined,,12
Midday|Set2|Draw1|col7,T,own,,7
Midday|Set2|Draw1|col7,T,combined,,12
Midday|Set2|Draw1|col6,A,own,7,29
Midday|Set2|Draw1|col6,A,combined,,12
Midday|Set2|Draw1|col6,B,own,,5
Midday|Set2|Draw1|col6,B,combined,,7
Midday|Set2|Draw1|col6,C,own,,3
Midday|Set2|Draw1|col6,C,combined,,4
Midday|Set2|Draw1|col6,D,own,,3
Midday|Set2|Draw1|col6,D,combined,,4
Midday|Set2|Draw1|col6,E,own,,7
Midday|Set2|Draw1|col6,E,combined,,12
Midday|Set2|Draw1|col6,T,own,,7
Midday|Set2|Draw1|col6,T,combined,,12
Midday|Set2|Draw1|col5,A,own,7,29
Midday|Set2|Draw1|col5,A,combined,,7
Midday|Set2|Draw1|col5,B,own,,5
Midday|Set2|Draw1|col5,B,combined,,7
Midday|Set2|Draw1|col5,C,own,,3
Midday|Set2|Draw1|col5,C,combined,,4
Midday|Set2|Draw1|col5,D,own,,3
Midday|Set2|Draw1|col5,D,combined,,4
Midday|Set2|Draw1|col5,E,own,,6
Midday|Set2|Draw1|col5,E,combined,,8
Midday|Set2|Draw1|col5,T,own,,3
Midday|Set2|Draw1|col5,T,combined,,4
Midday|Set2|Draw1|col4,A,own,7*,29
Midday|Set2|Draw1|col4,A,combined,*,57
Midday|Set2|Draw1|col4,B,own,*,29
Midday|Set2|Draw1|col4,B,combined,*,57
Midday|Set2|Draw1|col4,C,own,*,29
Midday|Set2|Draw1|col4,C,combined,*,57
Midday|Set2|Draw1|col4,D,own,*,29
Midday|Set2|Draw1|col4,D,combined,*,57
Midday|Set2|Draw1|col4,E,own,*,29
Midday|Set2|Draw1|col4,E,combined,*,57
Midday|Set2|Draw1|col4,T,own,*,29
Midday|Set2|Draw1|col4,T,combined,*,57
Midday|Set2|Draw1|col2,A,own,7*,29
Midday|Set2|Draw1|col2,A,combined,*,57
Midday|Set2|Draw1|col2,B,own,*,29
Midday|Set2|Draw1|col2,B,combined,*,57
Midday|Set2|Draw1|col2,C,own,*,29
Midday|Set2|Draw1|col2,C,combined,*,57
Midday|Set2|Draw1|col2,D,own,*,29
Midday|Set2|Draw1|col2,D,combined,*,57
Midday|Set2|Draw1|col2,E,own,*,29
Midday|Set2|Draw1|col2,E,combined,*,57
Midday|Set2|Draw1|col2,T,own,*,29
Midday|Set2|Draw1|col2,T,combined,*,57
Midday|Set2|Draw1|col3,A,own,7*,29
Midday|Set2|Draw1|col3,A,combined,*,57
Midday|Set2|Draw1|col3,B,own,*,29
Midday|Set2|Draw1|col3,B,combined,*,57
Midday|Set2|Draw1|col3,C,own,*,29
Midday|Set2|Draw1|col3,C,combined,*,57
Midday|Set2|Draw1|col3,D,own,*,29
Midday|Set2|Draw1|col3,D,combined,*,57
Midday|Set2|Draw1|col3,E,own,*,29
Midday|Set2|Draw1|col3,E,combined,*,57
Midday|Set2|Draw1|col3,T,own,*,29
Midday|Set2|Draw1|col3,T,combined,*,57
Midday|Set1|Draw1|col7,A,own,77,29
Midday|Set1|Draw1|col7,A,combined,,12
Midday|Set1|Draw1|col7,B,own,,5
Midday|Set1|Draw1|col7,B,combined,,7
Midday|Set1|Draw1|col7,C,own,,3
Midday|Set1|Draw1|col7,C,combined,,4
Midday|Set1|Draw1|col7,D,own,,5
Midday|Set1|Draw1|col7,D,combined,,7
Midday|Set1|Draw1|col7,E,own,,10
Midday|Set1|Draw1|col7,E,combined,,12
Midday|Set1|Draw1|col7,T,own,,7
Midday|Set1|Draw1|col7,T,combined,,12
Midday|Set1|Draw1|col6,A,own,77,29
Midday|Set1|Draw1|col6,A,combined,,7
Midday|Set1|Draw1|col6,B,own,,5
Midday|Set1|Draw1|col6,B,combined,,7
Midday|Set1|Draw1|col6,C,own,,3
Midday|Set1|Draw1|col6,C,combined,,4
Midday|Set1|Draw1|col6,D,own,,5
Midday|Set1|Draw1|col6,D,combined,,7
Midday|Set1|Draw1|col6,E,own,,10
Midday|Set1|Draw1|col6,E,combined,,9
Midday|Set1|Draw1|col6,T,own,,3
Midday|Set1|Draw1|col6,T,combined,,4
Midday|Set1|Draw1|col5,A,own,77*,29
Midday|Set1|Draw1|col5,A,combined,*,57
Midday|Set1|Draw1|col5,B,own,*,29
Midday|Set1|Draw1|col5,B,combined,*,57
Midday|Set1|Draw1|col5,C,own,*,29
Midday|Set1|Draw1|col5,C,combined,*,57
Midday|Set1|Draw1|col5,D,own,*,29
Midday|Set1|Draw1|col5,D,combined,*,57
Midday|Set1|Draw1|col5,E,own,*,29
Midday|Set1|Draw1|col5,E,combined,*,57
Midday|Set1|Draw1|col5,T,own,*,29
Midday|Set1|Draw1|col5,T,combined,*,57
Midday|Set1|Draw1|col4,A,own,77*,29
Midday|Set1|Draw1|col4,A,combined,*,57
Midday|Set1|Draw1|col4,B,own,*,29
Midday|Set1|Draw1|col4,B,combined,*,57
Midday|Set1|Draw1|col4,C,own,*,29
Midday|Set1|Draw1|col4,C,combined,*,57
Midday|Set1|Draw1|col4,D,own,*,29
Midday|Set1|Draw1|col4,D,combined,*,57
Midday|Set1|Draw1|col4,E,own,*,29
Midday|Set1|Draw1|col4,E,combined,*,57
Midday|Set1|Draw1|col4,T,own,*,29
Midday|Set1|Draw1|col4,T,combined,*,57
Midday|Set1|Draw1|col2,A,own,77**,29
Midday|Set1|Draw1|col2,A,combined,**,57
Midday|Set1|Draw1|col2,B,own,**,29
Midday|Set1|Draw1|col2,B,combined,**,57
Midday|Set1|Draw1|col2,C,own,**,29
Midday|Set1|Draw1|col2,C,combined,**,57
Midday|Set1|Draw1|col2,D,own,**,29
Midday|Set1|Draw1|col2,D,combined,**,57
Midday|Set1|Draw1|col2,E,own,**,29
Midday|Set1|Draw1|col2,E,combined,**,57
Midday|Set1|Draw1|col2,T,own,**,29
Midday|Set1|Draw1|col2,T,combined,**,57
Midday|Set1|Draw2|col6,A,own,77,29
Midday|Set1|Draw2|col6,A,combined,,7
Midday|Set1|Draw2|col6,B,own,,5
Midday|Set1|Draw2|col6,B,combined,,7
Midday|Set1|Draw2|col6,C,own,,3
Midday|Set1|Draw2|col6,C,combined,,4
Midday|Set1|Draw2|col6,D,own,,5
Midday|Set1|Draw2|col6,D,combined,,7
Midday|Set1|Draw2|col6,E,own,,10
Midday|Set1|Draw2|col6,E,combined,,9
Midday|Set1|Draw2|col6,T,own,,3
Midday|Set1|Draw2|col6,T,combined,,4
Midday|Set1|Draw2|col5,A,own,77,29
Midday|Set1|Draw2|col5,A,combined,,7
Midday|Set1|Draw2|col5,B,own,,3
Midday|Set1|Draw2|col5,B,combined,,4
Midday|Set1|Draw2|col5,C,own,,3
Midday|Set1|Draw2|col5,C,combined,,4
Midday|Set1|Draw2|col5,D,own,,5
Midday|Set1|Draw2|col5,D,combined,,7
Midday|Set1|Draw2|col5,E,own,,10
Midday|Set1|Draw2|col5,E,combined,,7
Midday|Set1|Draw2|col5,T,own,,3
Midday|Set1|Draw2|col5,T,combined,,4
Midday|Set1|Draw2|col4,A,own,77*,29
Midday|Set1|Draw2|col4,A,combined,*,57
Midday|Set1|Draw2|col4,B,own,*,29
Midday|Set1|Draw2|col4,B,combined,*,57
Midday|Set1|Draw2|col4,C,own,*,29
Midday|Set1|Draw2|col4,C,combined,*,57
Midday|Set1|Draw2|col4,D,own,*,29
Midday|Set1|Draw2|col4,D,combined,*,57
Midday|Set1|Draw2|col4,E,own,*,29
Midday|Set1|Draw2|col4,E,combined,*,57
Midday|Set1|Draw2|col4,T,own,*,29
Midday|Set1|Draw2|col4,T,combined,*,57
Midday|Set1|Draw3|col5,A,own,77,29
Midday|Set1|Draw3|col5,A,combined,,7
Midday|Set1|Draw3|col5,B,own,,4
Midday|Set1|Draw3|col5,B,combined,,5
Midday|Set1|Draw3|col5,C,own,,3
Midday|Set1|Draw3|col5,C,combined,,4
Midday|Set1|Draw3|col5,D,own,,5
Midday|Set1|Draw3|col5,D,combined,,7
Midday|Set1|Draw3|col5,E,own,,10
Midday|Set1|Draw3|col5,E,combined,,7
Midday|Set1|Draw3|col5,T,own,,3
Midday|Set1|Draw3|col5,T,combined,,4
Midday|Set1|Draw3|col4,A,own,77,29
Midday|Set1|Draw3|col4,A,combined,,7
Midday|Set1|Draw3|col4,B,own,,4
Midday|Set1|Draw3|col4,B,combined,,5
Midday|Set1|Draw3|col4,C,own,,3
Midday|Set1|Draw3|col4,C,combined,,4
Midday|Set1|Draw3|col4,D,own,,5
Midday|Set1|Draw3|col4,D,combined,,7
Midday|Set1|Draw3|col4,E,own,,5
Midday|Set1|Draw3|col4,E,combined,,7
Midday|Set1|Draw3|col4,T,own,,3
Midday|Set1|Draw3|col4,T,combined,,4
Midday|Set1|Draw3|col3,A,own,77*,29
Midday|Set1|Draw3|col3,A,combined,*,57
Midday|Set1|Draw3|col3,B,own,*,29
Midday|Set1|Draw3|col3,B,combined,*,57
Midday|Set1|Draw3|col3,C,own,*,29
Midday|Set1|Draw3|col3,C,combined,*,57
Midday|Set1|Draw3|col3,D,own,*,29
Midday|Set1|Draw3|col3,D,combined,*,57
Midday|Set1|Draw3|col3,E,own,*,29
Midday|Set1|Draw3|col3,E,combined,*,57
Midday|Set1|Draw3|col3,T,own,*,29
Midday|Set1|Draw3|col3,T,combined,*,57
Midday|Set1|Draw3|col2,A,own,77**,29
Midday|Set1|Draw3|col2,A,combined,**,57
Midday|Set1|Draw3|col2,B,own,**,29
Midday|Set1|Draw3|col2,B,combined,**,57
Midday|Set1|Draw3|col2,C,own,**,29
Midday|Set1|Draw3|col2,C,combined,**,57
Midday|Set1|Draw3|col2,D,own,**,29
Midday|Set1|Draw3|col2,D,combined,**,57
Midday|Set1|Draw3|col2,E,own,**,29
Midday|Set1|Draw3|col2,E,combined,**,57
Midday|Set1|Draw3|col2,T,own,**,29
Midday|Set1|Draw3|col2,T,combined,**,57
Midday|Set1|Draw4|col4,A,own,77,29
Midday|Set1|Draw4|col4,A,combined,,12
Midday|Set1|Draw4|col4,B,own,,4
Midday|Set1|Draw4|col4,B,combined,,6
Midday|Set1|Draw4|col4,C,own,,3
Midday|Set1|Draw4|col4,C,combined,,4
Midday|Set1|Draw4|col4,D,own,,5
Midday|Set1|Draw4|col4,D,combined,,7
Midday|Set1|Draw4|col4,E,own,,7
Midday|Set1|Draw4|col4,E,combined,,7
Midday|Set1|Draw4|col4,T,own,,7
Midday|Set1|Draw4|col4,T,combined,,12
Midday|Set1|Draw4|col2,A,own,77**,29
Midday|Set1|Draw4|col2,A,combined,**,57
Midday|Set1|Draw4|col2,B,own,**,29
Midday|Set1|Draw4|col2,B,combined,**,57
Midday|Set1|Draw4|col2,C,own,**,29
Midday|Set1|Draw4|col2,C,combined,**,57
Midday|Set1|Draw4|col2,D,own,**,29
Midday|Set1|Draw4|col2,D,combined,**,57
Midday|Set1|Draw4|col2,E,own,**,29
Midday|Set1|Draw4|col2,E,combined,**,57
Midday|Set1|Draw4|col2,T,own,**,29
Midday|Set1|Draw4|col2,T,combined,**,57
Midday|Set1|Draw5|col3,A,own,77,29
Midday|Set1|Draw5|col3,A,combined,,12
Midday|Set1|Draw5|col3,B,own,,4
Midday|Set1|Draw5|col3,B,combined,,6
Midday|Set1|Draw5|col3,C,own,,3
Midday|Set1|Draw5|col3,C,combined,,4
Midday|Set1|Draw5|col3,D,own,,5
Midday|Set1|Draw5|col3,D,combined,,7
Midday|Set1|Draw5|col3,E,own,,7
Midday|Set1|Draw5|col3,E,combined,,12
Midday|Set1|Draw5|col3,T,own,,7
Midday|Set1|Draw5|col3,T,combined,,12
Midday|Set1|Draw5|col2,A,own,77**,29
Midday|Set1|Draw5|col2,A,combined,**,57
Midday|Set1|Draw5|col2,B,own,**,29
Midday|Set1|Draw5|col2,B,combined,**,57
Midday|Set1|Draw5|col2,C,own,**,29
Midday|Set1|Draw5|col2,C,combined,**,57
Midday|Set1|Draw5|col2,D,own,**,29
Midday|Set1|Draw5|col2,D,combined,**,57
Midday|Set1|Draw5|col2,E,own,**,29
Midday|Set1|Draw5|col2,E,combined,**,57
Midday|Set1|Draw5|col2,T,own,**,29
Midday|Set1|Draw5|col2,T,combined,**,57
Midday|Set1|Draw5|col1,A,own,77**,29
Midday|Set1|Draw5|col1,A,combined,**,57
Midday|Set1|Draw5|col1,B,own,**,29
Midday|Set1|Draw5|col1,B,combined,**,57
Midday|Set1|Draw5|col1,C,own,**,29
Midday|Set1|Draw5|col1,C,combined,**,57
Midday|Set1|Draw5|col1,D,own,**,29
Midday|Set1|Draw5|col1,D,combined,**,57
Midday|Set1|Draw5|col1,E,own,**,29
Midday|Set1|Draw5|col1,E,combined,**,57
Midday|Set1|Draw5|col1,T,own,**,29
Midday|Set1|Draw5|col1,T,combined,**,57
Midday|Set1|Draw6|col2,A,own,77,29
Midday|Set1|Draw6|col2,A,combined,,12
Midday|Set1|Draw6|col2,B,own,,5
Midday|Set1|Draw6|col2,B,combined,,7
Midday|Set1|Draw6|col2,C,own,,3
Midday|Set1|Draw6|col2,C,combined,,4
Midday|Set1|Draw6|col2,D,own,,5
Midday|Set1|Draw6|col2,D,combined,,7
Midday|Set1|Draw6|col2,E,own,,7
Midday|Set1|Draw6|col2,E,combined,,8
Midday|Set1|Draw6|col2,T,own,,7
Midday|Set1|Draw6|col2,T,combined,,12
Midday|Set1|Draw7|col1,A,own,77,29
Midday|Set1|Draw7|col1,A,combined,,12
Midday|Set1|Draw7|col1,B,own,,5
Midday|Set1|Draw7|col1,B,combined,,7
Midday|Set1|Draw7|col1,C,own,,3
Midday|Set1|Draw7|col1,C,combined,,4
Midday|Set1|Draw7|col1,D,own,,5
Midday|Set1|Draw7|col1,D,combined,,7
Midday|Set1|Draw7|col1,E,own,,6
Midday|Set1|Draw7|col1,E,combined,,8
Midday|Set1|Draw7|col1,T,own,,7
Midday|Set1|Draw7|col1,T,combined,,12
Evening|Set3|Draw1|col7,A,own,44,29
Evening|Set3|Draw1|col7,A,combined,,13
Evening|Set3|Draw1|col7,B,own,,14
Evening|Set3|Draw1|col7,B,combined,,7
Evening|Set3|Draw1|col7,C,own,,7
Evening|Set3|Draw1|col7,C,combined,,5
Evening|Set3|Draw1|col7,D,own,,14
Evening|Set3|Draw1|col7,D,combined,,7
Evening|Set3|Draw1|col7,E,own,4,29
Evening|Set3|Draw1|col7,E,combined,,12
Evening|Set3|Draw1|col7,T,own,44,29
Evening|Set3|Draw1|col7,T,combined,,13
Evening|Set3|Draw1|col6,A,own,44,29
Evening|Set3|Draw1|col6,A,combined,,13
Evening|Set3|Draw1|col6,B,own,,7
Evening|Set3|Draw1|col6,B,combined,,5
Evening|Set3|Draw1|col6,C,own,,7
Evening|Set3|Draw1|col6,C,combined,,5
Evening|Set3|Draw1|col6,D,own,,14
Evening|Set3|Draw1|col6,D,combined,,7
Evening|Set3|Draw1|col6,E,own,,14
Evening|Set3|Draw1|col6,E,combined,,7
Evening|Set3|Draw1|col6,T,own,44,29
Evening|Set3|Draw1|col6,T,combined,,13
Evening|Set3|Draw1|col5,A,own,44,29
Evening|Set3|Draw1|col5,A,combined,,13
Evening|Set3|Draw1|col5,B,own,,7
Evening|Set3|Draw1|col5,B,combined,,5
Evening|Set3|Draw1|col5,C,own,,7
Evening|Set3|Draw1|col5,C,combined,,5
Evening|Set3|Draw1|col5,D,own,,14
Evening|Set3|Draw1|col5,D,combined,,7
Evening|Set3|Draw1|col5,E,own,,14
Evening|Set3|Draw1|col5,E,combined,,7
Evening|Set3|Draw1|col5,T,own,44,29
Evening|Set3|Draw1|col5,T,combined,,13
Evening|Set3|Draw1|col4,A,own,44*,29
Evening|Set3|Draw1|col4,A,combined,*,57
Evening|Set3|Draw1|col4,B,own,*,29
Evening|Set3|Draw1|col4,B,combined,*,57
Evening|Set3|Draw1|col4,C,own,*,29
Evening|Set3|Draw1|col4,C,combined,*,57
Evening|Set3|Draw1|col4,D,own,*,29
Evening|Set3|Draw1|col4,D,combined,*,57
Evening|Set3|Draw1|col4,E,own,*,29
Evening|Set3|Draw1|col4,E,combined,*,57
Evening|Set3|Draw1|col4,T,own,44*,29
Evening|Set3|Draw1|col4,T,combined,*,57
Evening|Set2|Draw1|col7,A,own,44,29
Evening|Set2|Draw1|col7,A,combined,,13
Evening|Set2|Draw1|col7,B,own,,7
Evening|Set2|Draw1|col7,B,combined,,5
Evening|Set2|Draw1|col7,C,own,,7
Evening|Set2|Draw1|col7,C,combined,,5
Evening|Set2|Draw1|col7,D,own,,14
Evening|Set2|Draw1|col7,D,combined,,7
Evening|Set2|Draw1|col7,E,own,,14
Evening|Set2|Draw1|col7,E,combined,,7
Evening|Set2|Draw1|col7,T,own,44,29
Evening|Set2|Draw1|col7,T,combined,,13
Evening|Set2|Draw1|col6,A,own,44,29
Evening|Set2|Draw1|col6,A,combined,,13
Evening|Set2|Draw1|col6,B,own,,7
Evening|Set2|Draw1|col6,B,combined,,5
Evening|Set2|Draw1|col6,C,own,,7
Evening|Set2|Draw1|col6,C,combined,,5
Evening|Set2|Draw1|col6,D,own,,14
Evening|Set2|Draw1|col6,D,combined,,7
Evening|Set2|Draw1|col6,E,own,,14
Evening|Set2|Draw1|col6,E,combined,,7
Evening|Set2|Draw1|col6,T,own,44,29
Evening|Set2|Draw1|col6,T,combined,,13
Evening|Set2|Draw1|col5,A,own,44,29
Evening|Set2|Draw1|col5,A,combined,,13
Evening|Set2|Draw1|col5,B,own,,7
Evening|Set2|Draw1|col5,B,combined,,5
Evening|Set2|Draw1|col5,C,own,,7
Evening|Set2|Draw1|col5,C,combined,,5
Evening|Set2|Draw1|col5,D,own,,14
Evening|Set2|Draw1|col5,D,combined,,7
Evening|Set2|Draw1|col5,E,own,,14
Evening|Set2|Draw1|col5,E,combined,,7
Evening|Set2|Draw1|col5,T,own,44,29
Evening|Set2|Draw1|col5,T,combined,,13
Evening|Set2|Draw1|col4,A,own,44*,29
Evening|Set2|Draw1|col4,A,combined,*,57
Evening|Set2|Draw1|col4,B,own,*,29
Evening|Set2|Draw1|col4,B,combined,*,57
Evening|Set2|Draw1|col4,C,own,*,29
Evening|Set2|Draw1|col4,C,combined,*,57
Evening|Set2|Draw1|col4,D,own,*,29
Evening|Set2|Draw1|col4,D,combined,*,57
Evening|Set2|Draw1|col4,E,own,*,29
Evening|Set2|Draw1|col4,E,combined,*,57
Evening|Set2|Draw1|col4,T,own,44*,29
Evening|Set2|Draw1|col4,T,combined,*,57
Evening|Set2|Draw1|col2,A,own,44*,29
Evening|Set2|Draw1|col2,A,combined,*,57
Evening|Set2|Draw1|col2,B,own,*,29
Evening|Set2|Draw1|col2,B,combined,*,57
Evening|Set2|Draw1|col2,C,own,*,29
Evening|Set2|Draw1|col2,C,combined,*,57
Evening|Set2|Draw1|col2,D,own,*,29
Evening|Set2|Draw1|col2,D,combined,*,57
Evening|Set2|Draw1|col2,E,own,*,29
Evening|Set2|Draw1|col2,E,combined,*,57
Evening|Set2|Draw1|col2,T,own,44*,29
Evening|Set2|Draw1|col2,T,combined,*,57
Evening|Set2|Draw1|col3,A,own,44*,29
Evening|Set2|Draw1|col3,A,combined,*,57
Evening|Set2|Draw1|col3,B,own,*,29
Evening|Set2|Draw1|col3,B,combined,*,57
Evening|Set2|Draw1|col3,C,own,*,29
Evening|Set2|Draw1|col3,C,combined,*,57
Evening|Set2|Draw1|col3,D,own,*,29
Evening|Set2|Draw1|col3,D,combined,*,57
Evening|Set2|Draw1|col3,E,own,*,29
Evening|Set2|Draw1|col3,E,combined,*,57
Evening|Set2|Draw1|col3,T,own,44*,29
Evening|Set2|Draw1|col3,T,combined,*,57
Evening|Set1|Draw1|col7,A,own,44,29
Evening|Set1|Draw1|col7,A,combined,,13
Evening|Set1|Draw1|col7,B,own,,14
Evening|Set1|Draw1|col7,B,combined,,7
Evening|Set1|Draw1|col7,C,own,,7
Evening|Set1|Draw1|col7,C,combined,,5
Evening|Set1|Draw1|col7,D,own,,14
Evening|Set1|Draw1|col7,D,combined,,7
Evening|Set1|Draw1|col7,E,own,4,29
Evening|Set1|Draw1|col7,E,combined,,12
Evening|Set1|Draw1|col7,T,own,44,29
Evening|Set1|Draw1|col7,T,combined,,13
Evening|Set1|Draw1|col6,A,own,44,29
Evening|Set1|Draw1|col6,A,combined,,13
Evening|Set1|Draw1|col6,B,own,,7
Evening|Set1|Draw1|col6,B,combined,,5
Evening|Set1|Draw1|col6,C,own,,7
Evening|Set1|Draw1|col6,C,combined,,5
Evening|Set1|Draw1|col6,D,own,,14
Evening|Set1|Draw1|col6,D,combined,,7
Evening|Set1|Draw1|col6,E,own,,14
Evening|Set1|Draw1|col6,E,combined,,7
Evening|Set1|Draw1|col6,T,own,44,29
Evening|Set1|Draw1|col6,T,combined,,13
Evening|Set1|Draw1|col5,A,own,44*,29
Evening|Set1|Draw1|col5,A,combined,*,57
Evening|Set1|Draw1|col5,B,own,*,29
Evening|Set1|Draw1|col5,B,combined,*,57
Evening|Set1|Draw1|col5,C,own,*,29
Evening|Set1|Draw1|col5,C,combined,*,57
Evening|Set1|Draw1|col5,D,own,*,29
Evening|Set1|Draw1|col5,D,combined,*,57
Evening|Set1|Draw1|col5,E,own,*,29
Evening|Set1|Draw1|col5,E,combined,*,57
Evening|Set1|Draw1|col5,T,own,44*,29
Evening|Set1|Draw1|col5,T,combined,*,57
Evening|Set1|Draw1|col4,A,own,44*,29
Evening|Set1|Draw1|col4,A,combined,*,57
Evening|Set1|Draw1|col4,B,own,*,29
Evening|Set1|Draw1|col4,B,combined,*,57
Evening|Set1|Draw1|col4,C,own,*,29
Evening|Set1|Draw1|col4,C,combined,*,57
Evening|Set1|Draw1|col4,D,own,*,29
Evening|Set1|Draw1|col4,D,combined,*,57
Evening|Set1|Draw1|col4,E,own,*,29
Evening|Set1|Draw1|col4,E,combined,*,57
Evening|Set1|Draw1|col4,T,own,44*,29
Evening|Set1|Draw1|col4,T,combined,*,57
Evening|Set1|Draw1|col2,A,own,44**,29
Evening|Set1|Draw1|col2,A,combined,**,57
Evening|Set1|Draw1|col2,B,own,**,29
Evening|Set1|Draw1|col2,B,combined,**,57
Evening|Set1|Draw1|col2,C,own,**,29
Evening|Set1|Draw1|col2,C,combined,**,57
Evening|Set1|Draw1|col2,D,own,**,29
Evening|Set1|Draw1|col2,D,combined,**,57
Evening|Set1|Draw1|col2,E,own,**,29
Evening|Set1|Draw1|col2,E,combined,**,57
Evening|Set1|Draw1|col2,T,own,**,29
Evening|Set1|Draw1|col2,T,combined,**,57
Evening|Set1|Draw2|col6,A,own,44,29
Evening|Set1|Draw2|col6,A,combined,,13
Evening|Set1|Draw2|col6,B,own,,7
Evening|Set1|Draw2|col6,B,combined,,5
Evening|Set1|Draw2|col6,C,own,,7
Evening|Set1|Draw2|col6,C,combined,,5
Evening|Set1|Draw2|col6,D,own,,14
Evening|Set1|Draw2|col6,D,combined,,7
Evening|Set1|Draw2|col6,E,own,,14
Evening|Set1|Draw2|col6,E,combined,,7
Evening|Set1|Draw2|col6,T,own,44,29
Evening|Set1|Draw2|col6,T,combined,,13
Evening|Set1|Draw2|col5,A,own,44,29
Evening|Set1|Draw2|col5,A,combined,,13
Evening|Set1|Draw2|col5,B,own,,7
Evening|Set1|Draw2|col5,B,combined,,5
Evening|Set1|Draw2|col5,C,own,,7
Evening|Set1|Draw2|col5,C,combined,,5
Evening|Set1|Draw2|col5,D,own,,14
Evening|Set1|Draw2|col5,D,combined,,7
Evening|Set1|Draw2|col5,E,own,,14
Evening|Set1|Draw2|col5,E,combined,,7
Evening|Set1|Draw2|col5,T,own,44,29
Evening|Set1|Draw2|col5,T,combined,,13
Evening|Set1|Draw2|col4,A,own,44*,29
Evening|Set1|Draw2|col4,A,combined,*,57
Evening|Set1|Draw2|col4,B,own,*,29
Evening|Set1|Draw2|col4,B,combined,*,57
Evening|Set1|Draw2|col4,C,own,*,29
Evening|Set1|Draw2|col4,C,combined,*,57
Evening|Set1|Draw2|col4,D,own,*,29
Evening|Set1|Draw2|col4,D,combined,*,57
Evening|Set1|Draw2|col4,E,own,*,29
Evening|Set1|Draw2|col4,E,combined,*,57
Evening|Set1|Draw2|col4,T,own,44*,29
Evening|Set1|Draw2|col4,T,combined,*,57
Evening|Set1|Draw3|col5,A,own,44,29
Evening|Set1|Draw3|col5,A,combined,,13
Evening|Set1|Draw3|col5,B,own,,14
Evening|Set1|Draw3|col5,B,combined,,7
Evening|Set1|Draw3|col5,C,own,,7
Evening|Set1|Draw3|col5,C,combined,,5
Evening|Set1|Draw3|col5,D,own,,14
Evening|Set1|Draw3|col5,D,combined,,7
Evening|Set1|Draw3|col5,E,own,4,29
Evening|Set1|Draw3|col5,E,combined,,12
Evening|Set1|Draw3|col5,T,own,44,29
Evening|Set1|Draw3|col5,T,combined,,13
Evening|Set1|Draw3|col4,A,own,44,29
Evening|Set1|Draw3|col4,A,combined,,13
Evening|Set1|Draw3|col4,B,own,,14
Evening|Set1|Draw3|col4,B,combined,,7
Evening|Set1|Draw3|col4,C,own,,7
Evening|Set1|Draw3|col4,C,combined,,5
Evening|Set1|Draw3|col4,D,own,,14
Evening|Set1|Draw3|col4,D,combined,,7
Evening|Set1|Draw3|col4,E,own,4,29
Evening|Set1|Draw3|col4,E,combined,,12
Evening|Set1|Draw3|col4,T,own,44,29
Evening|Set1|Draw3|col4,T,combined,,13
Evening|Set1|Draw3|col3,A,own,44*,29
Evening|Set1|Draw3|col3,A,combined,*,57
Evening|Set1|Draw3|col3,B,own,*,29
Evening|Set1|Draw3|col3,B,combined,*,57
Evening|Set1|Draw3|col3,C,own,*,29
Evening|Set1|Draw3|col3,C,combined,*,57
Evening|Set1|Draw3|col3,D,own,*,29
Evening|Set1|Draw3|col3,D,combined,*,57
Evening|Set1|Draw3|col3,E,own,4*,29
Evening|Set1|Draw3|col3,E,combined,*,57
Evening|Set1|Draw3|col3,T,own,44*,29
Evening|Set1|Draw3|col3,T,combined,*,57
Evening|Set1|Draw3|col2,A,own,44**,29
Evening|Set1|Draw3|col2,A,combined,**,57
Evening|Set1|Draw3|col2,B,own,**,29
Evening|Set1|Draw3|col2,B,combined,**,57
Evening|Set1|Draw3|col2,C,own,**,29
Evening|Set1|Draw3|col2,C,combined,**,57
Evening|Set1|Draw3|col2,D,own,**,29
Evening|Set1|Draw3|col2,D,combined,**,57
Evening|Set1|Draw3|col2,E,own,4**,29
Evening|Set1|Draw3|col2,E,combined,**,57
Evening|Set1|Draw3|col2,T,own,**,29
Evening|Set1|Draw3|col2,T,combined,**,57
Evening|Set1|Draw4|col4,A,own,44,29
Evening|Set1|Draw4|col4,A,combined,,13
Evening|Set1|Draw4|col4,B,own,,14
Evening|Set1|Draw4|col4,B,combined,,7
Evening|Set1|Draw4|col4,C,own,,7
Evening|Set1|Draw4|col4,C,combined,,5
Evening|Set1|Draw4|col4,D,own,,14
Evening|Set1|Draw4|col4,D,combined,,7
Evening|Set1|Draw4|col4,E,own,4,29
Evening|Set1|Draw4|col4,E,combined,,12
Evening|Set1|Draw4|col4,T,own,44,29
Evening|Set1|Draw4|col4,T,combined,,13
Evening|Set1|Draw4|col2,A,own,44**,29
Evening|Set1|Draw4|col2,A,combined,**,57
Evening|Set1|Draw4|col2,B,own,**,29
Evening|Set1|Draw4|col2,B,combined,**,57
Evening|Set1|Draw4|col2,C,own,**,29
Evening|Set1|Draw4|col2,C,combined,**,57
Evening|Set1|Draw4|col2,D,own,**,29
Evening|Set1|Draw4|col2,D,combined,**,57
Evening|Set1|Draw4|col2,E,own,4**,29
Evening|Set1|Draw4|col2,E,combined,**,57
Evening|Set1|Draw4|col2,T,own,**,29
Evening|Set1|Draw4|col2,T,combined,**,57
Evening|Set1|Draw5|col3,A,own,44,29
Evening|Set1|Draw5|col3,A,combined,,13
Evening|Set1|Draw5|col3,B,own,,14
Evening|Set1|Draw5|col3,B,combined,,7
Evening|Set1|Draw5|col3,C,own,,7
Evening|Set1|Draw5|col3,C,combined,,5
Evening|Set1|Draw5|col3,D,own,,14
Evening|Set1|Draw5|col3,D,combined,,7
Evening|Set1|Draw5|col3,E,own,44,29
Evening|Set1|Draw5|col3,E,combined,,13
Evening|Set1|Draw5|col3,T,own,44,29
Evening|Set1|Draw5|col3,T,combined,,13
Evening|Set1|Draw5|col2,A,own,44**,29
Evening|Set1|Draw5|col2,A,combined,**,57
Evening|Set1|Draw5|col2,B,own,**,29
Evening|Set1|Draw5|col2,B,combined,**,57
Evening|Set1|Draw5|col2,C,own,**,29
Evening|Set1|Draw5|col2,C,combined,**,57
Evening|Set1|Draw5|col2,D,own,**,29
Evening|Set1|Draw5|col2,D,combined,**,57
Evening|Set1|Draw5|col2,E,own,44**,29
Evening|Set1|Draw5|col2,E,combined,**,57
Evening|Set1|Draw5|col2,T,own,**,29
Evening|Set1|Draw5|col2,T,combined,**,57
Evening|Set1|Draw5|col1,A,own,44**,29
Evening|Set1|Draw5|col1,A,combined,**,57
Evening|Set1|Draw5|col1,B,own,**,29
Evening|Set1|Draw5|col1,B,combined,**,57
Evening|Set1|Draw5|col1,C,own,**,29
Evening|Set1|Draw5|col1,C,combined,**,57
Evening|Set1|Draw5|col1,D,own,**,29
Evening|Set1|Draw5|col1,D,combined,**,57
Evening|Set1|Draw5|col1,E,own,44**,29
Evening|Set1|Draw5|col1,E,combined,**,57
Evening|Set1|Draw5|col1,T,own,**,29
Evening|Set1|Draw5|col1,T,combined,**,57
Evening|Set1|Draw6|col2,A,own,44,29
Evening|Set1|Draw6|col2,A,combined,,13
Evening|Set1|Draw6|col2,B,own,,14
Evening|Set1|Draw6|col2,B,combined,,7
Evening|Set1|Draw6|col2,C,own,,7
Evening|Set1|Draw6|col2,C,combined,,5
Evening|Set1|Draw6|col2,D,own,,14
Evening|Set1|Draw6|col2,D,combined,,7
Evening|Set1|Draw6|col2,E,own,44,29
Evening|Set1|Draw6|col2,E,combined,,13
Evening|Set1|Draw6|col2,T,own,44,29
Evening|Set1|Draw6|col2,T,combined,,13
Evening|Set1|Draw7|col1,A,own,44,29
Evening|Set1|Draw7|col1,A,combined,,13
Evening|Set1|Draw7|col1,B,own,,14
Evening|Set1|Draw7|col1,B,combined,,7
Evening|Set1|Draw7|col1,C,own,,7
Evening|Set1|Draw7|col1,C,combined,,5
Evening|Set1|Draw7|col1,D,own,,14
Evening|Set1|Draw7|col1,D,combined,,7
Evening|Set1|Draw7|col1,E,own,44,29
Evening|Set1|Draw7|col1,E,combined,,13
Evening|Set1|Draw7|col1,T,own,44,29
Evening|Set1|Draw7|col1,T,combined,,13
Combined|Set3|Draw1|col7,A,own,44,29
Combined|Set3|Draw1|col7,A,combined,44,57
Combined|Set3|Draw1|col7,B,own,,7
Combined|Set3|Draw1|col7,B,combined,,9
Combined|Set3|Draw1|col7,C,own,,5
Combined|Set3|Draw1|col7,C,combined,,8
Combined|Set3|Draw1|col7,D,own,,7
Combined|Set3|Draw1|col7,D,combined,,9
Combined|Set3|Draw1|col7,E,own,,12
Combined|Set3|Draw1|col7,E,combined,,12
Combined|Set3|Draw1|col7,T,own,44,29
Combined|Set3|Draw1|col7,T,combined,44,57
Combined|Set3|Draw1|col6,A,own,44,29
Combined|Set3|Draw1|col6,A,combined,44,57
Combined|Set3|Draw1|col6,B,own,,7
Combined|Set3|Draw1|col6,B,combined,,9
Combined|Set3|Draw1|col6,C,own,,5
Combined|Set3|Draw1|col6,C,combined,,8
Combined|Set3|Draw1|col6,D,own,,7
Combined|Set3|Draw1|col6,D,combined,,9
Combined|Set3|Draw1|col6,E,own,,12
Combined|Set3|Draw1|col6,E,combined,,12
Combined|Set3|Draw1|col6,T,own,44,29
Combined|Set3|Draw1|col6,T,combined,44,57
Combined|Set3|Draw1|col5,A,own,44,29
Combined|Set3|Draw1|col5,A,combined,44,57
Combined|Set3|Draw1|col5,B,own,,7
Combined|Set3|Draw1|col5,B,combined,,9
Combined|Set3|Draw1|col5,C,own,,5
Combined|Set3|Draw1|col5,C,combined,,8
Combined|Set3|Draw1|col5,D,own,,7
Combined|Set3|Draw1|col5,D,combined,,9
Combined|Set3|Draw1|col5,E,own,,12
Combined|Set3|Draw1|col5,E,combined,,12
Combined|Set3|Draw1|col5,T,own,44,29
Combined|Set3|Draw1|col5,T,combined,44,57
Combined|Set3|Draw1|col4,A,own,44*,29
Combined|Set3|Draw1|col4,A,combined,44*,57
Combined|Set3|Draw1|col4,B,own,*,29
Combined|Set3|Draw1|col4,B,combined,*,57
Combined|Set3|Draw1|col4,C,own,*,29
Combined|Set3|Draw1|col4,C,combined,*,57
Combined|Set3|Draw1|col4,D,own,*,29
Combined|Set3|Draw1|col4,D,combined,*,57
Combined|Set3|Draw1|col4,E,own,*,29
Combined|Set3|Draw1|col4,E,combined,*,57
Combined|Set3|Draw1|col4,T,own,44*,29
Combined|Set3|Draw1|col4,T,combined,44*,57
Combined|Set2|Draw1|col7,A,own,44,29
Combined|Set2|Draw1|col7,A,combined,44,57
Combined|Set2|Draw1|col7,B,own,,7
Combined|Set2|Draw1|col7,B,combined,,9
Combined|Set2|Draw1|col7,C,own,,5
Combined|Set2|Draw1|col7,C,combined,,8
Combined|Set2|Draw1|col7,D,own,,7
Combined|Set2|Draw1|col7,D,combined,,9
Combined|Set2|Draw1|col7,E,own,,14
Combined|Set2|Draw1|col7,E,combined,,13
Combined|Set2|Draw1|col7,T,own,44,29
Combined|Set2|Draw1|col7,T,combined,44,57
Combined|Set2|Draw1|col6,A,own,44,29
Combined|Set2|Draw1|col6,A,combined,44,57
Combined|Set2|Draw1|col6,B,own,,7
Combined|Set2|Draw1|col6,B,combined,,9
Combined|Set2|Draw1|col6,C,own,,5
Combined|Set2|Draw1|col6,C,combined,,8
Combined|Set2|Draw1|col6,D,own,,7
Combined|Set2|Draw1|col6,D,combined,,9
Combined|Set2|Draw1|col6,E,own,,14
Combined|Set2|Draw1|col6,E,combined,,13
Combined|Set2|Draw1|col6,T,own,44,29
Combined|Set2|Draw1|col6,T,combined,44,57
Combined|Set2|Draw1|col5,A,own,44,29
Combined|Set2|Draw1|col5,A,combined,44,57
Combined|Set2|Draw1|col5,B,own,,7
Combined|Set2|Draw1|col5,B,combined,,9
Combined|Set2|Draw1|col5,C,own,,5
Combined|Set2|Draw1|col5,C,combined,,8
Combined|Set2|Draw1|col5,D,own,,7
Combined|Set2|Draw1|col5,D,combined,,9
Combined|Set2|Draw1|col5,E,own,,12
Combined|Set2|Draw1|col5,E,combined,,12
Combined|Set2|Draw1|col5,T,own,44,29
Combined|Set2|Draw1|col5,T,combined,44,57
Combined|Set2|Draw1|col4,A,own,44*,29
Combined|Set2|Draw1|col4,A,combined,44*,57
Combined|Set2|Draw1|col4,B,own,*,29
Combined|Set2|Draw1|col4,B,combined,*,57
Combined|Set2|Draw1|col4,C,own,*,29
Combined|Set2|Draw1|col4,C,combined,*,57
Combined|Set2|Draw1|col4,D,own,*,29
Combined|Set2|Draw1|col4,D,combined,*,57
Combined|Set2|Draw1|col4,E,own,*,29
Combined|Set2|Draw1|col4,E,combined,*,57
Combined|Set2|Draw1|col4,T,own,44*,29
Combined|Set2|Draw1|col4,T,combined,44*,57
Combined|Set2|Draw1|col2,A,own,44*,29
Combined|Set2|Draw1|col2,A,combined,44*,57
Combined|Set2|Draw1|col2,B,own,*,29
Combined|Set2|Draw1|col2,B,combined,*,57
Combined|Set2|Draw1|col2,C,own,*,29
Combined|Set2|Draw1|col2,C,combined,*,57
Combined|Set2|Draw1|col2,D,own,*,29
Combined|Set2|Draw1|col2,D,combined,*,57
Combined|Set2|Draw1|col2,E,own,*,29
Combined|Set2|Draw1|col2,E,combined,*,57
Combined|Set2|Draw1|col2,T,own,44*,29
Combined|Set2|Draw1|col2,T,combined,44*,57
Combined|Set2|Draw1|col3,A,own,44*,29
Combined|Set2|Draw1|col3,A,combined,44*,57
Combined|Set2|Draw1|col3,B,own,*,29
Combined|Set2|Draw1|col3,B,combined,*,57
Combined|Set2|Draw1|col3,C,own,*,29
Combined|Set2|Draw1|col3,C,combined,*,57
Combined|Set2|Draw1|col3,D,own,*,29
Combined|Set2|Draw1|col3,D,combined,*,57
Combined|Set2|Draw1|col3,E,own,*,29
Combined|Set2|Draw1|col3,E,combined,*,57
Combined|Set2|Draw1|col3,T,own,44*,29
Combined|Set2|Draw1|col3,T,combined,44*,57
Combined|Set1|Draw1|col7,A,own,44,29
Combined|Set1|Draw1|col7,A,combined,44,57
Combined|Set1|Draw1|col7,B,own,,7
Combined|Set1|Draw1|col7,B,combined,,9
Combined|Set1|Draw1|col7,C,own,,5
Combined|Set1|Draw1|col7,C,combined,,8
Combined|Set1|Draw1|col7,D,own,,7
Combined|Set1|Draw1|col7,D,combined,,9
Combined|Set1|Draw1|col7,E,own,,14
Combined|Set1|Draw1|col7,E,combined,,13
Combined|Set1|Draw1|col7,T,own,44,29
Combined|Set1|Draw1|col7,T,combined,44,57
Combined|Set1|Draw1|col6,A,own,44,29
Combined|Set1|Draw1|col6,A,combined,44,57
Combined|Set1|Draw1|col6,B,own,,7
Combined|Set1|Draw1|col6,B,combined,,9
Combined|Set1|Draw1|col6,C,own,,5
Combined|Set1|Draw1|col6,C,combined,,8
Combined|Set1|Draw1|col6,D,own,,7
Combined|Set1|Draw1|col6,D,combined,,9
Combined|Set1|Draw1|col6,E,own,,12
Combined|Set1|Draw1|col6,E,combined,,12
Combined|Set1|Draw1|col6,T,own,44,29
Combined|Set1|Draw1|col6,T,combined,44,57
Combined|Set1|Draw1|col5,A,own,44*,29
Combined|Set1|Draw1|col5,A,combined,44*,57
Combined|Set1|Draw1|col5,B,own,*,29
Combined|Set1|Draw1|col5,B,combined,*,57
Combined|Set1|Draw1|col5,C,own,*,29
Combined|Set1|Draw1|col5,C,combined,*,57
Combined|Set1|Draw1|col5,D,own,*,29
Combined|Set1|Draw1|col5,D,combined,*,57
Combined|Set1|Draw1|col5,E,own,*,29
Combined|Set1|Draw1|col5,E,combined,*,57
Combined|Set1|Draw1|col5,T,own,44*,29
Combined|Set1|Draw1|col5,T,combined,44*,57
Combined|Set1|Draw1|col4,A,own,44*,29
Combined|Set1|Draw1|col4,A,combined,44*,57
Combined|Set1|Draw1|col4,B,own,*,29
Combined|Set1|Draw1|col4,B,combined,*,57
Combined|Set1|Draw1|col4,C,own,*,29
Combined|Set1|Draw1|col4,C,combined,*,57
Combined|Set1|Draw1|col4,D,own,*,29
Combined|Set1|Draw1|col4,D,combined,*,57
Combined|Set1|Draw1|col4,E,own,*,29
Combined|Set1|Draw1|col4,E,combined,*,57
Combined|Set1|Draw1|col4,T,own,44*,29
Combined|Set1|Draw1|col4,T,combined,44*,57
Combined|Set1|Draw1|col2,A,own,44**,29
Combined|Set1|Draw1|col2,A,combined,44**,57
Combined|Set1|Draw1|col2,B,own,**,29
Combined|Set1|Draw1|col2,B,combined,**,57
Combined|Set1|Draw1|col2,C,own,**,29
Combined|Set1|Draw1|col2,C,combined,**,57
Combined|Set1|Draw1|col2,D,own,**,29
Combined|Set1|Draw1|col2,D,combined,**,57
Combined|Set1|Draw1|col2,E,own,**,29
Combined|Set1|Draw1|col2,E,combined,**,57
Combined|Set1|Draw1|col2,T,own,**,29
Combined|Set1|Draw1|col2,T,combined,**,57
Combined|Set1|Draw2|col6,A,own,44,29
Combined|Set1|Draw2|col6,A,combined,44,57
Combined|Set1|Draw2|col6,B,own,,7
Combined|Set1|Draw2|col6,B,combined,,9
Combined|Set1|Draw2|col6,C,own,,5
Combined|Set1|Draw2|col6,C,combined,,8
Combined|Set1|Draw2|col6,D,own,,7
Combined|Set1|Draw2|col6,D,combined,,9
Combined|Set1|Draw2|col6,E,own,,12
Combined|Set1|Draw2|col6,E,combined,,12
Combined|Set1|Draw2|col6,T,own,44,29
Combined|Set1|Draw2|col6,T,combined,44,57
Combined|Set1|Draw2|col5,A,own,44,29
Combined|Set1|Draw2|col5,A,combined,44,57
Combined|Set1|Draw2|col5,B,own,,7
Combined|Set1|Draw2|col5,B,combined,,9
Combined|Set1|Draw2|col5,C,own,,5
Combined|Set1|Draw2|col5,C,combined,,8
Combined|Set1|Draw2|col5,D,own,,7
Combined|Set1|Draw2|col5,D,combined,,9
Combined|Set1|Draw2|col5,E,own,,12
Combined|Set1|Draw2|col5,E,combined,,12
Combined|Set1|Draw2|col5,T,own,44,29
Combined|Set1|Draw2|col5,T,combined,44,57
Combined|Set1|Draw2|col4,A,own,44*,29
Combined|Set1|Draw2|col4,A,combined,44*,57
Combined|Set1|Draw2|col4,B,own,*,29
Combined|Set1|Draw2|col4,B,combined,*,57
Combined|Set1|Draw2|col4,C,own,*,29
Combined|Set1|Draw2|col4,C,combined,*,57
Combined|Set1|Draw2|col4,D,own,*,29
Combined|Set1|Draw2|col4,D,combined,*,57
Combined|Set1|Draw2|col4,E,own,*,29
Combined|Set1|Draw2|col4,E,combined,*,57
Combined|Set1|Draw2|col4,T,own,44*,29
Combined|Set1|Draw2|col4,T,combined,44*,57
Combined|Set1|Draw3|col5,A,own,44,29
Combined|Set1|Draw3|col5,A,combined,44,57
Combined|Set1|Draw3|col5,B,own,,7
Combined|Set1|Draw3|col5,B,combined,,9
Combined|Set1|Draw3|col5,C,own,,5
Combined|Set1|Draw3|col5,C,combined,,8
Combined|Set1|Draw3|col5,D,own,,7
Combined|Set1|Draw3|col5,D,combined,,9
Combined|Set1|Draw3|col5,E,own,,12
Combined|Set1|Draw3|col5,E,combined,,12
Combined|Set1|Draw3|col5,T,own,44,29
Combined|Set1|Draw3|col5,T,combined,44,57
Combined|Set1|Draw3|col4,A,own,44,29
Combined|Set1|Draw3|col4,A,combined,44,57
Combined|Set1|Draw3|col4,B,own,,6
Combined|Set1|Draw3|col4,B,combined,,8
Combined|Set1|Draw3|col4,C,own,,5
Combined|Set1|Draw3|col4,C,combined,,8
Combined|Set1|Draw3|col4,D,own,,7
Combined|Set1|Draw3|col4,D,combined,,9
Combined|Set1|Draw3|col4,E,own,,7
Combined|Set1|Draw3|col4,E,combined,,9
Combined|Set1|Draw3|col4,T,own,44,29
Combined|Set1|Draw3|col4,T,combined,44,57
Combined|Set1|Draw3|col3,A,own,44*,29
Combined|Set1|Draw3|col3,A,combined,44*,57
Combined|Set1|Draw3|col3,B,own,*,29
Combined|Set1|Draw3|col3,B,combined,*,57
Combined|Set1|Draw3|col3,C,own,*,29
Combined|Set1|Draw3|col3,C,combined,*,57
Combined|Set1|Draw3|col3,D,own,*,29
Combined|Set1|Draw3|col3,D,combined,*,57
Combined|Set1|Draw3|col3,E,own,*,29
Combined|Set1|Draw3|col3,E,combined,*,57
Combined|Set1|Draw3|col3,T,own,44*,29
Combined|Set1|Draw3|col3,T,combined,44*,57
Combined|Set1|Draw3|col2,A,own,44**,29
Combined|Set1|Draw3|col2,A,combined,44**,57
Combined|Set1|Draw3|col2,B,own,**,29
Combined|Set1|Draw3|col2,B,combined,**,57
Combined|Set1|Draw3|col2,C,own,**,29
Combined|Set1|Draw3|col2,C,combined,**,57
Combined|Set1|Draw3|col2,D,own,**,29
Combined|Set1|Draw3|col2,D,combined,**,57
Combined|Set1|Draw3|col2,E,own,**,29
Combined|Set1|Draw3|col2,E,combined,**,57
Combined|Set1|Draw3|col2,T,own,**,29
Combined|Set1|Draw3|col2,T,combined,**,57
Combined|Set1|Draw4|col4,A,own,44,29
Combined|Set1|Draw4|col4,A,combined,44,57
Combined|Set1|Draw4|col4,B,own,,6
Combined|Set1|Draw4|col4,B,combined,,8
Combined|Set1|Draw4|col4,C,own,,5
Combined|Set1|Draw4|col4,C,combined,,8
Combined|Set1|Draw4|col4,D,own,,7
Combined|Set1|Draw4|col4,D,combined,,9
Combined|Set1|Draw4|col4,E,own,,8
Combined|Set1|Draw4|col4,E,combined,,10
Combined|Set1|Draw4|col4,T,own,44,29
Combined|Set1|Draw4|col4,T,combined,44,57
Combined|Set1|Draw4|col2,A,own,44**,29
Combined|Set1|Draw4|col2,A,combined,44**,57
Combined|Set1|Draw4|col2,B,own,**,29
Combined|Set1|Draw4|col2,B,combined,**,57
Combined|Set1|Draw4|col2,C,own,**,29
Combined|Set1|Draw4|col2,C,combined,**,57
Combined|Set1|Draw4|col2,D,own,**,29
Combined|Set1|Draw4|col2,D,combined,**,57
Combined|Set1|Draw4|col2,E,own,**,29
Combined|Set1|Draw4|col2,E,combined,**,57
Combined|Set1|Draw4|col2,T,own,**,29
Combined|Set1|Draw4|col2,T,combined,**,57
Combined|Set1|Draw5|col3,A,own,44,29
Combined|Set1|Draw5|col3,A,combined,44,57
Combined|Set1|Draw5|col3,B,own,,7
Combined|Set1|Draw5|col3,B,combined,,9
Combined|Set1|Draw5|col3,C,own,,5
Combined|Set1|Draw5|col3,C,combined,,8
Combined|Set1|Draw5|col3,D,own,,7
Combined|Set1|Draw5|col3,D,combined,,9
Combined|Set1|Draw5|col3,E,own,,12
Combined|Set1|Draw5|col3,E,combined,,12
Combined|Set1|Draw5|col3,T,own,44,29
Combined|Set1|Draw5|col3,T,combined,44,57
Combined|Set1|Draw5|col2,A,own,44**,29
Combined|Set1|Draw5|col2,A,combined,44**,57
Combined|Set1|Draw5|col2,B,own,**,29
Combined|Set1|Draw5|col2,B,combined,**,57
Combined|Set1|Draw5|col2,C,own,**,29
Combined|Set1|Draw5|col2,C,combined,**,57
Combined|Set1|Draw5|col2,D,own,**,29
Combined|Set1|Draw5|col2,D,combined,**,57
Combined|Set1|Draw5|col2,E,own,**,29
Combined|Set1|Draw5|col2,E,combined,**,57
Combined|Set1|Draw5|col2,T,own,**,29
Combined|Set1|Draw5|col2,T,combined,**,57
Combined|Set1|Draw5|col1,A,own,44**,29
Combined|Set1|Draw5|col1,A,combined,44**,57
Combined|Set1|Draw5|col1,B,own,**,29
Combined|Set1|Draw5|col1,B,combined,**,57
Combined|Set1|Draw5|col1,C,own,**,29
Combined|Set1|Draw5|col1,C,combined,**,57
Combined|Set1|Draw5|col1,D,own,**,29
Combined|Set1|Draw5|col1,D,combined,**,57
Combined|Set1|Draw5|col1,E,own,**,29
Combined|Set1|Draw5|col1,E,combined,**,57
Combined|Set1|Draw5|col1,T,own,**,29
Combined|Set1|Draw5|col1,T,combined,**,57
Combined|Set1|Draw6|col2,A,own,44,29
Combined|Set1|Draw6|col2,A,combined,44,57
Combined|Set1|Draw6|col2,B,own,,7
Combined|Set1|Draw6|col2,B,combined,,9
Combined|Set1|Draw6|col2,C,own,,5
Combined|Set1|Draw6|col2,C,combined,,8
Combined|Set1|Draw6|col2,D,own,,7
Combined|Set1|Draw6|col2,D,combined,,9
Combined|Set1|Draw6|col2,E,own,,12
Combined|Set1|Draw6|col2,E,combined,,12
Combined|Set1|Draw6|col2,T,own,44,29
Combined|Set1|Draw6|col2,T,combined,44,57
Combined|Set1|Draw7|col1,A,own,44,29
Combined|Set1|Draw7|col1,A,combined,44,57
Combined|Set1|Draw7|col1,B,own,,7
Combined|Set1|Draw7|col1,B,combined,,9
Combined|Set1|Draw7|col1,C,own,,5
Combined|Set1|Draw7|col1,C,combined,,8
Combined|Set1|Draw7|col1,D,own,,7
Combined|Set1|Draw7|col1,D,combined,,9
Combined|Set1|Draw7|col1,E,own,,14
Combined|Set1|Draw7|col1,E,combined,,13
Combined|Set1|Draw7|col1,T,own,44,29
Combined|Set1|Draw7|col1,T,combined,44,57
Midday|Set1|Draw4|col3,A,own,77,29
Midday|Set1|Draw4|col3,A,combined,,12
Midday|Set1|Draw4|col3,B,own,,4
Midday|Set1|Draw4|col3,B,combined,,4
Midday|Set1|Draw4|col3,C,own,,3
Midday|Set1|Draw4|col3,C,combined,,4
Midday|Set1|Draw4|col3,D,own,,5
Midday|Set1|Draw4|col3,D,combined,,7
Midday|Set1|Draw4|col3,E,own,,5
Midday|Set1|Draw4|col3,E,combined,,7
Midday|Set1|Draw4|col3,T,own,,7
Midday|Set1|Draw4|col3,T,combined,,12
Midday|Set1|Draw6|col1,A,own,77*,29
Midday|Set1|Draw6|col1,A,combined,*,57
Midday|Set1|Draw6|col1,B,own,*,29
Midday|Set1|Draw6|col1,B,combined,*,57
Midday|Set1|Draw6|col1,C,own,*,29
Midday|Set1|Draw6|col1,C,combined,*,57
Midday|Set1|Draw6|col1,D,own,*,29
Midday|Set1|Draw6|col1,D,combined,*,57
Midday|Set1|Draw6|col1,E,own,*,29
Midday|Set1|Draw6|col1,E,combined,*,57
Midday|Set1|Draw6|col1,T,own,*,29
Midday|Set1|Draw6|col1,T,combined,*,57
Evening|Set1|Draw4|col3,A,own,44,29
Evening|Set1|Draw4|col3,A,combined,,13
Evening|Set1|Draw4|col3,B,own,,14
Evening|Set1|Draw4|col3,B,combined,,7
Evening|Set1|Draw4|col3,C,own,,7
Evening|Set1|Draw4|col3,C,combined,,5
Evening|Set1|Draw4|col3,D,own,,14
Evening|Set1|Draw4|col3,D,combined,,7
Evening|Set1|Draw4|col3,E,own,4,29
Evening|Set1|Draw4|col3,E,combined,,12
Evening|Set1|Draw4|col3,T,own,44,29
Evening|Set1|Draw4|col3,T,combined,,13
Evening|Set1|Draw6|col1,A,own,44*,29
Evening|Set1|Draw6|col1,A,combined,*,57
Evening|Set1|Draw6|col1,B,own,*,29
Evening|Set1|Draw6|col1,B,combined,*,57
Evening|Set1|Draw6|col1,C,own,*,29
Evening|Set1|Draw6|col1,C,combined,*,57
Evening|Set1|Draw6|col1,D,own,*,29
Evening|Set1|Draw6|col1,D,combined,*,57
Evening|Set1|Draw6|col1,E,own,44*,29
Evening|Set1|Draw6|col1,E,combined,*,57
Evening|Set1|Draw6|col1,T,own,44*,29
Evening|Set1|Draw6|col1,T,combined,*,57
Combined|Set1|Draw4|col3,A,own,44,29
Combined|Set1|Draw4|col3,A,combined,44,57
Combined|Set1|Draw4|col3,B,own,,6
Combined|Set1|Draw4|col3,B,combined,,8
Combined|Set1|Draw4|col3,C,own,,5
Combined|Set1|Draw4|col3,C,combined,,8
Combined|Set1|Draw4|col3,D,own,,7
Combined|Set1|Draw4|col3,D,combined,,9
Combined|Set1|Draw4|col3,E,own,,8
Combined|Set1|Draw4|col3,E,combined,,10
Combined|Set1|Draw4|col3,T,own,44,29
Combined|Set1|Draw4|col3,T,combined,44,57
Combined|Set1|Draw6|col1,A,own,44*,29
Combined|Set1|Draw6|col1,A,combined,44*,57
Combined|Set1|Draw6|col1,B,own,*,29
Combined|Set1|Draw6|col1,B,combined,*,57
Combined|Set1|Draw6|col1,C,own,*,29
Combined|Set1|Draw6|col1,C,combined,*,57
Combined|Set1|Draw6|col1,D,own,*,29
Combined|Set1|Draw6|col1,D,combined,*,57
Combined|Set1|Draw6|col1,E,own,*,29
Combined|Set1|Draw6|col1,E,combined,*,57
Combined|Set1|Draw6|col1,T,own,44*,29
Combined|Set1|Draw6|col1,T,combined,44*,57
