state,date,triad,vt_triad,support_count,hot_hits,superhot_hits,vertical_hits,set1_hits,col1_hits,precol1_hits,vt_straight_hits,vt_only_lane_hits,guard_hits,literal_hits,variant_span,set_span,column_span,score_mean,score_max,evidence_tags
Connecticut4,2025-06-21,367,234,33,33,16,4,24,12,3,17,4,1,12,3,3,7,20.802,37.05,"col1,funnel_precol1,guard_set1,hot12,hot16,hot20,hot4,hot8,literal_draw,ls2_lane,ls_col_42,set1_bonus,straight_lane,superhot_set1,vertical1,vertical2,vertical3,vertical4,vt_only_lane,vt_straight"
Connecticut4,2025-06-21,139,245,29,29,18,3,24,8,8,19,4,1,13,3,3,6,20.581,35.35,"col1,funnel_precol1,guard_set1,hot12,hot16,hot20,hot4,hot8,literal_draw,ls2_lane,ls_col_42,set1_bonus,straight_lane,superhot_set1,vertical1,vertical2,vertical3,vt_only_lane,vt_straight"
Connecticut4,2025-06-21,012,123,24,24,8,3,19,2,13,17,2,0,14,3,3,7,22.029,33.75,"col1,funnel_precol1,hot12,hot16,hot20,hot4,hot8,literal_draw,ls2_lane,ls_col_42,set1_bonus,straight_lane,superhot_set1,vertical1,vertical2,vertical3,vt_only_lane,vt_straight"
Connecticut4,2025-06-21,026,123,38,38,7,3,23,1,10,26,13,0,13,3,3,7,20.792,33.45,"col1,funnel_precol1,hot12,hot16,hot20,hot4,hot8,literal_draw,ls_col_42,set1_bonus,straight_lane,superhot_set1,vertical1,vertical2,vertical3,vt_only_lane,vt_straight"
Connecticut4,2025-06-21,346,245,65,65,20,4,54,6,12,17,8,0,0,3,3,7,18.364,32.05,"col1,funnel_precol1,hot12,hot16,hot20,hot4,hot8,ls2_lane,ls_col_42,set1_bonus,straight_lane,superhot_set1,vertical1,vertical2,vertical3,vertical4,vt_only_lane,vt_straight"
Connecticut4,2025-06-21,128,234,22,22,5,3,13,1,2,6,6,1,0,3,3,7,17.65,31.85,"col1,funnel_precol1,guard_set1,hot16,hot20,hot4,hot8,ls2_lane,ls_col_42,set1_bonus,superhot_set1,vertical1,vertical2,vertical3,vt_only_lane,vt_straight"
Connecticut4,2025-06-21,045,115,40,40,6,4,30,2,3,13,11,0,0,3,3,7,17.854,31.75,"col1,funnel_precol1,hot12,hot16,hot20,hot4,hot8,ls2_lane,ls_col_42,set1_bonus,straight_lane,superhot_set1,vertical1,vertical2,vertical3,vertical4,vt_only_lane,vt_straight"
Connecticut4,2025-06-21,007,13,33,33,0,4,20,1,10,17,0,0,12,3,3,7,21.186,31.7,"col1,funnel_precol1,hot12,hot16,hot20,hot8,literal_draw,ls2_lane,ls_col_42,set1_bonus,straight_lane,vertical1,vertical2,vertical3,vertical4,vt_straight"
Connecticut4,2025-06-21,344,45,44,44,16,3,41,6,18,11,4,0,0,3,2,7,19.643,31.45,"col1,funnel_precol1,hot12,hot16,hot20,hot4,hot8,ls2_lane,ls_col_42,set1_bonus,straight_lane,superhot_set1,vertical1,vertical2,vertical3,vt_only_lane,vt_straight"
Connecticut4,2025-06-21,446,25,46,46,16,3,42,5,15,13,7,0,0,3,2,7,19.055,31.45,"col1,funnel_precol1,hot12,hot16,hot20,hot4,hot8,ls2_lane,ls_col_42,set1_bonus,straight_lane,superhot_set1,vertical1,vertical2,vertical3,vt_only_lane,vt_straight"
Connecticut4,2025-06-21,122,23,31,31,5,4,18,1,6,14,3,0,11,3,3,7,18.879,31.4,"col1,funnel_precol1,hot12,hot16,hot20,hot4,hot8,literal_draw,ls2_lane,ls_col_42,set1_bonus,straight_lane,superhot_set1,vertical1,vertical2,vertical3,vertical4,vt_only_lane,vt_straight"
Connecticut4,2025-06-21,059,115,48,48,6,4,34,1,13,22,4,0,9,3,3,7,20.831,31.15,"col1,funnel_precol1,hot12,hot16,hot20,hot4,hot8,literal_draw,ls2_lane,ls_col_42,set1_bonus,straight_lane,superhot_set1,vertical1,vertical2,vertical3,vertical4,vt_only_lane,vt_straight"
Connecticut4,2025-06-21,348,445,39,39,13,4,33,4,7,14,3,0,5,3,3,7,17.203,30.7,"col1,funnel_precol1,hot12,hot16,hot20,hot4,hot8,literal_draw,ls2_lane,ls_col_42,set1_bonus,straight_lane,superhot_set1,vertical1,vertical2,vertical3,vertical4,vt_only_lane,vt_straight"
Connecticut4,2025-06-21,189,245,65,65,20,3,54,5,8,17,15,0,0,3,3,7,17.807,30.55,"col1,funnel_precol1,hot12,hot16,hot20,hot4,hot8,ls2_lane,ls_col_42,set1_bonus,straight_lane,superhot_set1,vertical1,vertical2,vertical3,vt_only_lane,vt_straight"
Connecticut4,2025-06-21,199,25,46,46,16,4,42,4,3,13,7,0,0,3,2,7,17.49,30.55,"col1,funnel_precol1,hot12,hot16,hot20,hot4,hot8,ls2_lane,ls_col_42,set1_bonus,straight_lane,superhot_set1,vertical1,vertical2,vertical4,vt_only_lane,vt_straight"
Connecticut4,2025-06-21,899,45,44,44,16,4,41,4,4,11,7,0,0,3,2,7,17.102,30.55,"col1,funnel_precol1,hot12,hot16,hot20,hot4,hot8,ls2_lane,ls_col_42,set1_bonus,straight_lane,superhot_set1,vertical1,vertical2,vertical4,vt_only_lane,vt_straight"
Connecticut4,2025-06-21,468,245,23,23,13,3,19,1,4,9,9,1,0,3,3,6,16.08,30.45,"col1,funnel_precol1,guard_set1,hot12,hot16,hot20,hot4,hot8,ls2_lane,ls_col_42,set1_bonus,superhot_set1,vertical1,vertical3,vt_only_lane,vt_straight"
Connecticut4,2025-06-21,366,24,51,51,6,4,30,1,15,19,0,0,4,3,3,7,20.903,30.4,"col1,funnel_precol1,hot12,hot16,hot20,hot4,hot8,literal_draw,ls2_lane,ls_col_42,set1_bonus,straight_lane,superhot_set1,vertical1,vertical2,vertical3,vertical4,vt_straight"
Connecticut4,2025-06-21,557,13,35,35,16,4,31,5,7,5,5,0,0,3,3,7,17.257,30.4,"col1,funnel_precol1,hot12,hot16,hot20,hot4,hot8,ls2_lane,ls_col_42,set1_bonus,straight_lane,superhot_set1,vertical1,vertical2,vertical3,vertical4,vt_only_lane,vt_straight"
Connecticut4,2025-06-21,356,124,45,45,8,4,24,2,9,27,22,0,0,3,3,7,19.368,30.35,"col1,funnel_precol1,hot12,hot16,hot20,hot4,hot8,ls2_lane,ls_col_42,set1_bonus,straight_lane,superhot_set1,vertical1,vertical2,vertical3,vertical4,vt_only_lane,vt_straight"
