triad,vt_triad,support_count,hot_hits,superhot_hits,vertical_hits,set1_hits,col1_hits,precol1_hits,vt_straight_hits,vt_only_lane_hits,guard_hits,literal_hits,variant_span,set_span,column_span,score_mean,score_max,evidence_tags
004,15,53,53,14,4,40,8,12,20,2,1,13,3,3,7,20.194,36.55,"col1,funnel_precol1,guard_set1,hot12,hot16,hot20,hot4,hot8,literal_draw,ls2_lane,ls_col_42,set1_bonus,straight_lane,superhot_set1,vertical1,vertical2,vertical3,vertical4,vt_only_lane,vt_straight"
025,113,45,45,14,4,34,12,3,19,7,1,12,3,3,7,18.754,35.25,"col1,funnel_precol1,guard_set1,hot12,hot16,hot20,hot4,hot8,literal_draw,ls2_lane,ls_col_42,set1_bonus,straight_lane,superhot_set1,vertical1,vertical2,vertical4,vt_only_lane,vt_straight"
178,234,27,27,10,3,22,3,10,17,2,0,13,3,3,7,20.094,34.05,"col1,funnel_precol1,hot12,hot16,hot20,hot4,hot8,literal_draw,ls2_lane,ls_col_42,set1_bonus,straight_lane,superhot_set1,vertical1,vertical2,vertical3,vt_only_lane,vt_straight"
023,134,24,24,10,4,20,4,13,17,3,0,14,3,3,6,20.052,33.75,"col1,funnel_precol1,hot12,hot16,hot20,hot4,hot8,literal_draw,ls2_lane,ls_col_42,set1_bonus,straight_lane,superhot_set1,vertical1,vertical2,vertical4,vt_only_lane,vt_straight"
029,135,57,57,8,4,34,4,15,16,4,0,11,3,3,7,19.439,32.3,"col1,funnel_precol1,hot12,hot16,hot20,hot4,hot8,literal_draw,ls2_lane,ls_col_42,set1_bonus,straight_lane,superhot_set1,vertical1,vertical2,vertical3,vertical4,vt_only_lane,vt_straight"
356,124,43,43,17,4,34,7,10,22,18,0,0,3,3,7,19.05,32.05,"col1,funnel_precol1,hot12,hot16,hot20,hot4,hot8,ls2_lane,ls_col_42,set1_bonus,straight_lane,superhot_set1,vertical1,vertical2,vertical4,vt_only_lane,vt_straight"
559,15,45,45,7,4,33,0,11,8,3,1,0,3,3,7,18.04,31.65,"funnel_precol1,guard_set1,hot12,hot16,hot20,hot4,hot8,ls2_lane,ls_col_42,set1_bonus,straight_lane,superhot_set1,vertical1,vertical3,vertical4,vt_only_lane,vt_straight"
059,115,65,65,12,4,49,0,19,23,14,0,0,3,3,6,19.349,31.55,"funnel_precol1,hot12,hot16,hot20,hot4,hot8,ls2_lane,ls_col_42,set1_bonus,straight_lane,superhot_set1,vertical1,vertical2,vertical3,vertical4,vt_only_lane,vt_straight"
036,124,38,38,11,4,32,3,12,17,7,0,0,3,3,7,18.513,31.55,"col1,funnel_precol1,hot12,hot16,hot20,hot4,hot8,ls2_lane,ls_col_42,set1_bonus,straight_lane,superhot_set1,vertical1,vertical2,vertical4,vt_only_lane,vt_straight"
177,23,21,21,0,3,15,1,8,13,0,0,12,3,3,7,22.648,31.4,"col1,funnel_precol1,hot12,hot16,hot20,hot8,literal_draw,ls2_lane,ls_col_42,set1_bonus,straight_lane,vertical1,vertical2,vertical3,vt_straight"
346,245,61,61,19,4,46,9,15,27,9,0,0,3,3,7,18.672,30.95,"col1,funnel_precol1,hot12,hot16,hot20,hot4,hot8,ls2_lane,ls_col_42,set1_bonus,straight_lane,superhot_set1,vertical1,vertical2,vertical3,vertical4,vt_only_lane,vt_straight"
099,15,51,51,12,4,43,1,18,11,7,0,0,3,3,7,18.796,30.7,"col1,funnel_precol1,hot12,hot16,hot20,hot4,hot8,ls2_lane,ls_col_42,set1_bonus,straight_lane,superhot_set1,vertical1,vertical2,vertical3,vertical4,vt_only_lane,vt_straight"
009,15,49,49,6,4,38,1,9,7,2,0,0,3,3,7,18.779,30.7,"col1,funnel_precol1,hot12,hot16,hot20,hot4,hot8,ls2_lane,ls_col_42,set1_bonus,straight_lane,superhot_set1,vertical1,vertical2,vertical3,vertical4,vt_only_lane,vt_straight"
045,115,65,65,12,4,49,0,13,23,18,0,0,3,3,6,17.977,30.65,"funnel_precol1,hot12,hot16,hot20,hot4,hot8,ls2_lane,ls_col_42,set1_bonus,straight_lane,superhot_set1,vertical1,vertical2,vertical3,vertical4,vt_only_lane,vt_straight"
056,112,38,38,7,2,29,0,12,14,7,0,0,3,3,6,18.271,30.35,"funnel_precol1,hot12,hot16,hot20,hot4,hot8,ls2_lane,ls_col_42,set1_bonus,straight_lane,superhot_set1,vertical1,vertical2,vt_only_lane,vt_straight"
456,125,64,64,19,3,49,9,13,23,8,0,0,3,3,7,18.057,30.35,"col1,funnel_precol1,hot12,hot16,hot20,hot4,hot8,ls2_lane,ls_col_42,set1_bonus,straight_lane,superhot_set1,vertical1,vertical2,vertical3,vt_only_lane,vt_straight"
034,145,52,52,16,3,41,2,12,16,9,0,0,3,3,7,17.228,30.35,"col1,funnel_precol1,hot12,hot16,hot20,hot4,hot8,ls2_lane,ls_col_42,set1_bonus,straight_lane,superhot_set1,vertical1,vertical2,vertical3,vt_only_lane,vt_straight"
299,35,40,40,10,4,37,0,17,6,4,0,0,3,3,6,18.266,30.2,"funnel_precol1,hot12,hot16,hot20,hot4,hot8,ls2_lane,ls_col_42,set1_bonus,straight_lane,superhot_set1,vertical1,vertical2,vertical3,vertical4,vt_only_lane,vt_straight"
018,124,43,43,17,3,34,7,10,22,20,0,0,3,3,7,19.236,29.95,"col1,funnel_precol1,hot12,hot16,hot20,hot4,hot8,ls2_lane,ls_col_42,set1_bonus,straight_lane,superhot_set1,vertical1,vertical2,vertical3,vt_only_lane,vt_straight"
345,145,63,63,18,3,54,5,14,22,11,0,0,3,3,7,17.748,29.75,"col1,funnel_precol1,hot12,hot16,hot20,hot4,hot8,ls2_lane,ls_col_42,set1_bonus,straight_lane,superhot_set1,vertical1,vertical2,vertical3,vt_only_lane,vt_straight"
035,114,48,48,11,3,42,0,13,15,8,0,0,3,3,6,17.229,29.75,"funnel_precol1,hot12,hot16,hot20,hot4,hot8,ls2_lane,ls_col_42,set1_bonus,straight_lane,superhot_set1,vertical1,vertical3,vt_only_lane,vt_straight"
189,245,61,61,19,3,46,9,12,31,22,0,5,3,3,7,18.311,29.5,"col1,funnel_precol1,hot12,hot16,hot20,hot4,hot8,literal_draw,ls2_lane,ls_col_42,set1_bonus,straight_lane,superhot_set1,vertical1,vertical2,vertical3,vt_only_lane,vt_straight"
459,155,59,59,13,4,39,5,8,18,9,0,0,3,3,7,17.747,29.5,"col1,funnel_precol1,hot12,hot16,hot20,hot4,hot8,ls2_lane,ls_col_42,set1_bonus,straight_lane,superhot_set1,vertical1,vertical2,vertical3,vertical4,vt_only_lane,vt_straight"
046,125,31,31,10,2,25,3,8,15,15,0,0,3,3,7,17.813,29.45,"col1,funnel_precol1,hot12,hot16,hot20,hot4,hot8,ls2_lane,ls_col_42,set1_bonus,straight_lane,superhot_set1,vertical1,vertical2,vt_only_lane,vt_straight"
159,125,31,31,10,2,25,3,8,15,14,0,0,3,3,7,17.771,29.45,"col1,funnel_precol1,hot12,hot16,hot20,hot4,hot8,ls2_lane,ls_col_42,set1_bonus,straight_lane,superhot_set1,vertical1,vertical2,vt_only_lane,vt_straight"
015,112,38,38,7,2,29,0,9,14,12,0,0,3,3,6,17.763,29.45,"funnel_precol1,hot12,hot16,hot20,hot4,hot8,ls2_lane,ls_col_42,set1_bonus,straight_lane,superhot_set1,vertical1,vertical2,vt_only_lane,vt_straight"
089,145,63,63,18,3,54,5,13,22,20,0,0,3,3,7,17.752,29.45,"col1,funnel_precol1,hot12,hot16,hot20,hot4,hot8,ls2_lane,ls_col_42,set1_bonus,straight_lane,superhot_set1,vertical1,vertical2,vertical3,vt_only_lane,vt_straight"
019,125,64,64,19,2,49,7,9,23,19,0,0,3,3,7,17.462,29.45,"col1,funnel_precol1,hot12,hot16,hot20,hot4,hot8,ls2_lane,ls_col_42,set1_bonus,straight_lane,superhot_set1,vertical1,vertical2,vt_only_lane,vt_straight"
058,114,48,48,11,3,42,0,14,15,13,0,0,3,3,6,17.329,29.45,"funnel_precol1,hot12,hot16,hot20,hot4,hot8,ls2_lane,ls_col_42,set1_bonus,straight_lane,superhot_set1,vertical1,vertical3,vt_only_lane,vt_straight"
158,124,38,38,11,2,32,3,9,17,16,0,0,3,3,7,17.2,29.45,"col1,funnel_precol1,hot12,hot16,hot20,hot4,hot8,ls2_lane,ls_col_42,set1_bonus,straight_lane,superhot_set1,vertical1,vertical2,vt_only_lane,vt_straight"
589,145,52,52,16,3,41,4,9,16,15,0,0,3,3,7,16.797,29.45,"col1,funnel_precol1,hot12,hot16,hot20,hot4,hot8,ls2_lane,ls_col_42,set1_bonus,straight_lane,superhot_set1,vertical1,vertical3,vt_only_lane,vt_straight"
348,445,29,29,8,2,22,4,11,13,1,0,9,3,3,7,18.684,29.4,"col1,funnel_precol1,hot12,hot16,hot20,hot4,hot8,literal_draw,ls2_lane,ls_col_42,set1_bonus,straight_lane,superhot_set1,vertical1,vertical2,vt_only_lane,vt_straight"
678,234,15,15,4,3,10,2,1,10,5,0,4,3,3,7,17.893,29.2,"col1,funnel_precol1,hot16,hot20,hot4,hot8,literal_draw,ls2_lane,ls_col_42,set1_bonus,straight_lane,superhot_set1,vertical1,vertical2,vertical3,vt_only_lane,vt_straight"
112,23,16,16,6,2,9,3,1,9,6,0,3,3,3,6,16.806,29.2,"col1,funnel_precol1,hot16,hot20,hot4,hot8,literal_draw,ls2_lane,ls_col_42,set1_bonus,straight_lane,superhot_set1,vertical1,vertical2,vt_only_lane,vt_straight"
235,134,28,28,1,3,19,0,3,10,2,0,8,3,3,6,17.407,29.1,"funnel_precol1,hot12,hot16,hot20,hot4,hot8,literal_draw,ls_col_42,set1_bonus,straight_lane,superhot_set1,vertical1,vertical2,vertical3,vt_only_lane,vt_straight"
166,22,21,21,6,2,14,3,3,14,7,0,6,3,3,7,18.405,28.9,"col1,funnel_precol1,hot12,hot16,hot20,hot4,hot8,literal_draw,ls2_lane,ls_col_42,set1_bonus,straight_lane,superhot_set1,vertical1,vertical2,vt_only_lane,vt_straight"
157,123,16,16,4,2,11,2,2,9,2,0,4,3,3,7,18.056,28.9,"col1,funnel_precol1,hot12,hot16,hot20,hot4,hot8,literal_draw,ls2_lane,ls_col_42,set1_bonus,straight_lane,superhot_set1,vertical1,vertical2,vt_only_lane,vt_straight"
334,45,24,24,0,3,11,0,1,7,0,0,3,3,3,5,20.179,28.9,"funnel_precol1,hot12,hot16,hot20,hot8,literal_draw,ls_col_42,set1_bonus,straight_lane,vertical1,vertical2,vertical3,vt_straight"
049,155,59,59,13,4,39,4,6,18,11,0,0,3,3,7,17.385,28.6,"col1,funnel_precol1,hot12,hot16,hot20,hot4,hot8,ls2_lane,ls_col_42,set1_bonus,straight_lane,superhot_set1,vertical1,vertical2,vertical3,vertical4,vt_only_lane,vt_straight"
229,35,37,37,0,4,19,1,9,2,2,0,0,3,3,7,19.277,27.55,"col1,funnel_precol1,hot12,hot16,hot20,hot8,ls2_lane,ls_col_42,set1_bonus,straight_lane,vertical1,vertical2,vertical3,vertical4,vt_only_lane,vt_straight"
445,15,51,51,12,3,43,0,13,11,4,0,0,3,3,7,17.9,26.95,"funnel_precol1,hot12,hot16,hot20,hot4,hot8,ls2_lane,ls_col_42,set1_bonus,straight_lane,superhot_set1,vertical1,vertical2,vertical3,vt_only_lane,vt_straight"
899,45,53,53,19,4,47,7,18,14,7,0,0,3,3,7,17.577,26.7,"col1,funnel_precol1,hot12,hot16,hot20,hot4,hot8,ls2_lane,ls_col_42,set1_bonus,straight_lane,superhot_set1,vertical1,vertical2,vertical3,vertical4,vt_only_lane,vt_straight"
669,25,35,35,14,4,25,7,10,8,4,0,0,3,3,7,17.321,26.7,"col1,funnel_precol1,hot12,hot16,hot20,hot4,hot8,ls2_lane,ls_col_42,set1_bonus,straight_lane,superhot_set1,vertical1,vertical2,vertical3,vertical4,vt_only_lane,vt_straight"
344,45,53,53,19,3,47,4,13,14,7,0,0,3,3,7,16.996,26.35,"col1,funnel_precol1,hot12,hot16,hot20,hot4,hot8,ls2_lane,ls_col_42,set1_bonus,straight_lane,superhot_set1,vertical1,vertical2,vertical3,vt_only_lane,vt_straight"
446,25,27,27,9,2,26,2,11,10,4,0,0,3,2,7,16.894,26.35,"col1,funnel_precol1,hot12,hot16,hot20,hot4,hot8,ls2_lane,ls_col_42,set1_bonus,straight_lane,superhot_set1,vertical1,vertical2,vt_only_lane,vt_straight"
044,15,51,51,16,3,42,3,12,14,7,0,0,3,3,7,16.804,26.35,"col1,funnel_precol1,hot12,hot16,hot20,hot4,hot8,ls2_lane,ls_col_42,set1_bonus,straight_lane,superhot_set1,vertical1,vertical2,vertical3,vt_only_lane,vt_straight"
006,12,16,16,2,3,16,0,1,5,1,0,0,3,1,5,19.322,26.1,"funnel_precol1,hot12,hot16,hot20,hot4,hot8,ls_col_42,set1_bonus,straight_lane,superhot_set1,vertical1,vertical2,vertical3,vt_only_lane,vt_straight"
599,15,51,51,16,4,42,4,18,14,7,0,0,3,3,7,18.024,26.1,"col1,funnel_precol1,hot12,hot16,hot20,hot4,hot8,ls2_lane,ls_col_42,set1_bonus,straight_lane,superhot_set1,vertical1,vertical3,vertical4,vt_only_lane,vt_straight"
668,24,22,22,10,4,18,5,8,8,0,0,0,3,3,7,17.191,26.1,"col1,funnel_precol1,hot12,hot16,hot20,hot4,hot8,ls2_lane,ls_col_42,set1_bonus,straight_lane,superhot_set1,vertical3,vertical4,vt_straight"
048,145,53,53,11,3,39,2,4,12,10,0,0,3,3,7,16.423,26.1,"col1,funnel_precol1,hot12,hot16,hot20,hot4,hot8,ls2_lane,ls_col_42,set1_bonus,straight_lane,superhot_set1,vertical1,vertical2,vertical3,vt_only_lane,vt_straight"
007,13,25,25,4,3,20,0,2,5,2,0,0,3,3,6,16.402,26.1,"funnel_precol1,hot12,hot16,hot20,hot4,hot8,ls_col_42,set1_bonus,straight_lane,superhot_set1,vertical1,vertical2,vertical3,vt_only_lane,vt_straight"
336,24,18,18,0,3,8,0,1,4,0,0,0,3,3,5,19.928,25.8,"funnel_precol1,hot12,hot16,hot20,hot8,ls_col_42,set1_bonus,straight_lane,vertical1,vertical2,vertical3,vt_straight"
338,44,4,4,0,3,3,0,0,1,0,0,0,2,2,3,19.6,25.8,"hot16,hot20,hot8,ls_col_42,set1_bonus,straight_lane,vertical3,vt_straight"
339,45,20,20,0,3,10,0,0,4,0,0,0,3,3,4,19.025,25.8,"hot12,hot16,hot20,hot8,ls_col_42,set1_bonus,straight_lane,vertical1,vertical2,vertical3,vt_straight"
399,45,19,19,5,3,14,2,6,4,1,0,0,3,3,7,16.008,25.8,"col1,funnel_precol1,hot16,hot20,hot4,hot8,ls2_lane,ls_col_42,set1_bonus,straight_lane,superhot_set1,vertical1,vertical2,vertical3,vt_only_lane,vt_straight"
022,13,29,29,0,2,18,1,6,1,1,0,0,3,3,7,17.464,25.75,"col1,funnel_precol1,hot12,hot16,hot20,hot8,ls2_lane,ls_col_42,set1_bonus,straight_lane,vertical1,vertical2,vt_only_lane,vt_straight"
002,13,25,25,1,1,17,0,5,1,1,0,0,2,3,6,17.218,25.75,"funnel_precol1,hot12,hot16,hot20,hot4,hot8,ls2_lane,ls_col_42,set1_bonus,straight_lane,superhot_set1,vertical1,vt_only_lane,vt_straight"
569,125,47,47,13,3,32,5,8,9,7,0,0,3,3,7,16.698,25.6,"col1,funnel_precol1,hot12,hot16,hot20,hot4,hot8,ls2_lane,ls_col_42,set1_bonus,straight_lane,superhot_set1,vertical1,vertical2,vertical3,vt_only_lane,vt_straight"
005,11,34,34,2,4,28,1,6,7,2,0,0,3,3,7,18.237,25.5,"col1,funnel_precol1,hot12,hot16,hot20,hot4,hot8,ls2_lane,ls_col_42,set1_bonus,straight_lane,superhot_set1,vertical1,vertical2,vertical3,vertical4,vt_only_lane,vt_straight"
455,15,49,49,6,4,38,0,9,7,2,0,0,3,3,7,17.44,25.5,"funnel_precol1,hot12,hot16,hot20,hot4,hot8,ls2_lane,ls_col_42,set1_bonus,straight_lane,superhot_set1,vertical1,vertical2,vertical4,vt_only_lane,vt_straight"
066,12,18,18,3,3,12,0,5,5,0,0,0,3,3,6,17.267,25.5,"funnel_precol1,hot12,hot16,hot20,hot4,hot8,ls2_lane,ls_col_42,set1_bonus,straight_lane,superhot_set1,vertical1,vertical2,vertical3,vt_straight"
359,145,53,53,11,3,39,3,5,12,7,0,0,3,3,7,17.142,25.5,"col1,funnel_precol1,hot12,hot16,hot20,hot4,hot8,ls2_lane,ls_col_42,set1_bonus,straight_lane,superhot_set1,vertical1,vertical2,vertical3,vt_only_lane,vt_straight"
055,11,34,34,2,3,28,0,4,7,2,0,0,3,3,7,17.122,25.5,"funnel_precol1,hot12,hot16,hot20,hot4,hot8,ls2_lane,ls_col_42,set1_bonus,straight_lane,superhot_set1,vertical1,vertical2,vertical3,vt_only_lane,vt_straight"
039,145,37,37,6,3,26,1,3,8,7,0,0,3,3,7,16.986,25.5,"col1,funnel_precol1,hot12,hot16,hot20,hot4,hot8,ls2_lane,ls_col_42,set1_bonus,straight_lane,superhot_set1,vertical1,vertical2,vertical3,vt_only_lane,vt_straight"
466,25,35,35,12,3,25,6,8,10,1,0,0,3,3,7,16.639,25.5,"col1,funnel_precol1,hot12,hot16,hot20,hot4,hot8,ls2_lane,ls_col_42,set1_bonus,straight_lane,superhot_set1,vertical1,vertical2,vertical3,vt_only_lane,vt_straight"
347,345,43,43,10,3,35,3,5,10,5,0,0,3,3,7,16.51,25.5,"col1,funnel_precol1,hot12,hot16,hot20,hot4,hot8,ls2_lane,ls_col_42,set1_bonus,straight_lane,superhot_set1,vertical1,vertical2,vertical3,vt_only_lane,vt_straight"
458,145,37,37,6,4,26,1,2,8,6,0,0,3,3,7,16.457,25.5,"col1,funnel_precol1,hot12,hot16,hot20,hot4,hot8,ls2_lane,ls_col_42,set1_bonus,straight_lane,superhot_set1,vertical1,vertical2,vertical3,vertical4,vt_only_lane,vt_straight"
489,455,42,42,13,4,31,5,2,13,10,0,0,3,3,7,16.351,25.5,"col1,funnel_precol1,hot12,hot16,hot20,hot4,hot8,ls2_lane,ls_col_42,set1_bonus,straight_lane,superhot_set1,vertical1,vertical2,vertical3,vertical4,vt_only_lane,vt_straight"
199,25,27,27,9,1,26,2,8,10,7,0,0,3,2,7,16.276,25.45,"col1,funnel_precol1,hot12,hot16,hot20,hot4,hot8,ls2_lane,ls_col_42,set1_bonus,straight_lane,superhot_set1,vertical1,vt_only_lane,vt_straight"
366,24,24,24,10,3,19,5,8,7,1,0,0,3,3,7,16.983,25.2,"col1,funnel_precol1,hot12,hot16,hot20,hot4,hot8,ls2_lane,ls_col_42,set1_bonus,straight_lane,superhot_set1,vertical1,vertical2,vertical3,vt_only_lane,vt_straight"
368,244,15,15,8,4,15,4,7,4,0,0,0,2,1,7,16.577,25.2,"col1,funnel_precol1,hot12,hot16,hot20,hot4,hot8,ls2_lane,ls_col_42,set1_bonus,straight_lane,superhot_set1,vertical2,vertical3,vertical4,vt_straight"
078,134,23,23,1,3,16,0,1,3,2,0,0,3,3,6,15.383,25.2,"funnel_precol1,hot12,hot16,hot20,hot4,hot8,ls_col_42,set1_bonus,straight_lane,superhot_set1,vertical1,vertical2,vertical3,vt_only_lane,vt_straight"
389,445,21,21,8,3,18,4,8,4,0,0,0,3,3,7,15.381,25.2,"col1,funnel_precol1,hot12,hot16,hot20,hot4,hot8,ls2_lane,ls_col_42,set1_bonus,straight_lane,superhot_set1,vertical1,vertical2,vertical3,vt_straight"
566,12,32,32,12,2,22,5,4,8,7,0,0,3,3,7,16.806,25.0,"col1,funnel_precol1,hot12,hot16,hot20,hot4,hot8,ls2_lane,ls_col_42,set1_bonus,straight_lane,superhot_set1,vertical1,vertical2,vt_only_lane,vt_straight"
003,14,23,23,3,3,19,0,3,5,2,0,0,3,3,6,16.911,24.9,"funnel_precol1,hot12,hot16,hot20,hot8,ls2_lane,ls_col_42,set1_bonus,straight_lane,superhot_set1,vertical1,vertical3,vt_only_lane,vt_straight"
499,55,28,28,11,3,23,5,3,10,4,0,0,3,3,7,16.025,24.9,"col1,funnel_precol1,hot12,hot16,hot20,hot4,hot8,ls2_lane,ls_col_42,set1_bonus,straight_lane,superhot_set1,vertical1,vertical2,vertical3,vt_only_lane,vt_straight"
057,113,34,34,3,2,23,0,6,7,3,1,0,3,3,7,16.74,24.8,"funnel_precol1,guard_set1,hot12,hot16,hot20,hot4,hot8,ls2_lane,ls_col_42,set1_bonus,straight_lane,superhot_set1,vertical1,vertical2,vt_only_lane,vt_straight"
011,12,32,32,12,3,22,4,0,8,7,0,0,3,3,7,16.612,24.75,"col1,hot12,hot16,hot20,hot4,hot8,ls2_lane,set1_bonus,straight_lane,superhot_set1,vertical1,vertical2,vertical3,vt_only_lane,vt_straight"
367,234,24,24,6,2,17,3,4,11,5,0,2,3,3,7,17.104,24.6,"col1,funnel_precol1,hot12,hot16,hot20,hot4,hot8,literal_draw,ls2_lane,ls_col_42,set1_bonus,straight_lane,superhot_set1,vertical1,vertical2,vt_only_lane,vt_straight"
033,14,13,13,0,1,7,0,0,3,0,0,0,3,3,4,18.8,24.6,"hot12,hot16,hot20,hot8,ls_col_42,set1_bonus,straight_lane,vertical1,vt_straight"
155,12,16,16,2,1,16,0,1,5,5,0,0,3,1,5,17.934,24.6,"funnel_precol1,hot12,hot16,hot20,hot4,hot8,ls_col_42,set1_bonus,superhot_set1,vertical1,vt_only_lane,vt_straight"
069,125,33,33,3,3,26,1,4,10,6,0,0,3,3,7,17.889,24.6,"col1,funnel_precol1,hot12,hot16,hot20,hot4,hot8,ls2_lane,ls_col_42,set1_bonus,straight_lane,superhot_set1,vertical1,vertical2,vertical3,vt_only_lane,vt_straight"
068,124,18,18,3,2,14,1,3,7,7,0,0,3,2,7,17.406,24.6,"col1,funnel_precol1,hot12,hot16,hot20,hot4,hot8,ls2_lane,ls_col_42,set1_bonus,straight_lane,superhot_set1,vertical1,vertical2,vt_only_lane,vt_straight"
667,23,16,16,6,3,9,3,4,7,0,0,0,3,3,6,17.331,24.6,"col1,funnel_precol1,hot16,hot20,hot4,hot8,ls2_lane,ls_col_42,set1_bonus,straight_lane,superhot_set1,vertical1,vertical2,vertical3,vt_straight"
349,455,42,42,13,3,31,7,5,13,10,0,0,3,3,7,17.089,24.6,"col1,funnel_precol1,hot12,hot16,hot20,hot4,hot8,ls2_lane,ls_col_42,set1_bonus,straight_lane,superhot_set1,vertical1,vertical2,vertical3,vt_only_lane,vt_straight"
145,125,33,33,3,2,26,1,2,10,10,0,0,3,3,7,16.986,24.6,"col1,funnel_precol1,hot12,hot16,hot20,hot4,hot8,ls2_lane,ls_col_42,set1_bonus,superhot_set1,vertical1,vertical2,vt_only_lane,vt_straight"
289,345,43,43,10,4,35,3,9,10,9,0,0,3,3,7,16.85,24.6,"col1,funnel_precol1,hot12,hot16,hot20,hot4,hot8,ls2_lane,ls_col_42,set1_bonus,straight_lane,superhot_set1,vertical1,vertical2,vertical4,vt_only_lane,vt_straight"
245,135,41,41,6,4,28,0,8,7,4,0,0,3,3,6,16.735,24.6,"funnel_precol1,hot12,hot16,hot20,hot4,hot8,ls2_lane,ls_col_42,set1_bonus,straight_lane,superhot_set1,vertical1,vertical2,vertical4,vt_only_lane,vt_straight"
135,124,18,18,3,2,14,1,2,7,7,0,0,3,2,7,16.656,24.6,"col1,funnel_precol1,hot12,hot16,hot20,hot4,hot8,ls2_lane,ls_col_42,set1_bonus,superhot_set1,vertical1,vertical2,vt_only_lane,vt_straight"
369,245,42,42,10,2,32,3,3,12,11,0,0,3,3,7,16.476,24.6,"col1,funnel_precol1,hot12,hot16,hot20,hot4,hot8,ls2_lane,ls_col_42,set1_bonus,straight_lane,superhot_set1,vertical1,vertical2,vt_only_lane,vt_straight"
148,245,42,42,10,3,32,3,2,12,9,0,0,3,3,7,16.302,24.6,"col1,funnel_precol1,hot12,hot16,hot20,hot4,hot8,ls2_lane,ls_col_42,set1_bonus,straight_lane,superhot_set1,vertical1,vertical2,vertical3,vt_only_lane,vt_straight"
558,14,23,23,3,3,19,0,4,5,5,0,0,3,3,6,16.15,24.6,"funnel_precol1,hot12,hot16,hot20,hot8,ls2_lane,ls_col_42,set1_bonus,straight_lane,superhot_set1,vertical1,vertical3,vt_only_lane,vt_straight"
255,13,25,25,4,3,20,0,6,5,3,0,0,3,3,6,16.01,24.6,"funnel_precol1,hot12,hot16,hot20,hot4,hot8,ls2_lane,ls_col_42,set1_bonus,straight_lane,superhot_set1,vertical1,vertical2,vertical3,vt_only_lane,vt_straight"
449,55,28,28,11,3,23,4,4,10,9,0,0,3,3,7,15.932,24.6,"col1,funnel_precol1,hot12,hot16,hot20,hot4,hot8,ls2_lane,ls_col_42,set1_bonus,straight_lane,superhot_set1,vertical1,vertical2,vertical3,vt_only_lane,vt_straight"
079,135,41,41,6,3,28,0,3,7,7,0,0,3,3,6,15.711,24.6,"funnel_precol1,hot12,hot16,hot20,hot4,hot8,ls_col_42,set1_bonus,straight_lane,superhot_set1,vertical1,vertical2,vertical3,vt_only_lane,vt_straight"
115,12,18,18,3,2,12,0,2,5,5,0,0,3,3,6,15.561,24.6,"funnel_precol1,hot12,hot16,hot20,hot4,hot8,ls_col_42,set1_bonus,superhot_set1,vertical1,vertical2,vt_only_lane,vt_straight"
119,25,35,35,12,3,25,4,2,10,9,0,0,3,3,7,15.496,24.6,"col1,funnel_precol1,hot12,hot16,hot20,hot4,hot8,ls2_lane,ls_col_42,set1_bonus,straight_lane,superhot_set1,vertical1,vertical2,vertical3,vt_only_lane,vt_straight"
113,24,22,22,10,2,18,3,2,8,8,0,0,3,3,7,14.486,24.6,"col1,funnel_precol1,hot12,hot16,hot20,hot4,hot8,ls2_lane,ls_col_42,set1_bonus,straight_lane,superhot_set1,vertical1,vertical2,vt_only_lane,vt_straight"
001,12,17,17,3,3,14,0,0,4,3,0,0,3,2,6,18.438,24.45,"hot12,hot16,hot20,hot8,ls_col_42,set1_bonus,straight_lane,superhot_set1,vertical1,vertical2,vertical3,vt_only_lane,vt_straight"
008,14,27,27,1,3,24,0,4,2,2,0,0,3,3,6,17.583,24.45,"funnel_precol1,hot12,hot16,hot20,hot8,ls2_lane,ls_col_42,set1_bonus,straight_lane,superhot_set1,vertical1,vertical2,vertical3,vt_only_lane,vt_straight"
259,135,38,38,7,3,26,0,8,4,2,0,0,3,3,6,17.286,24.4,"funnel_precol1,hot12,hot16,hot20,hot4,hot8,ls2_lane,ls_col_42,set1_bonus,straight_lane,superhot_set1,vertical1,vertical2,vertical3,vt_only_lane,vt_straight"
028,134,25,25,9,3,20,2,7,8,8,0,0,3,3,7,16.49,24.4,"col1,funnel_precol1,hot12,hot16,hot20,hot4,hot8,ls2_lane,ls_col_42,set1_bonus,straight_lane,superhot_set1,vertical1,vertical2,vertical3,vt_only_lane,vt_straight"
258,134,25,25,5,3,22,0,5,4,4,0,0,3,3,6,16.13,24.4,"funnel_precol1,hot12,hot16,hot20,hot8,ls2_lane,ls_col_42,set1_bonus,straight_lane,superhot_set1,vertical1,vertical3,vt_only_lane,vt_straight"
556,12,17,17,3,2,14,0,2,4,4,0,0,3,2,6,17.779,24.3,"funnel_precol1,hot12,hot16,hot20,hot8,ls2_lane,ls_col_42,set1_bonus,straight_lane,superhot_set1,vertical1,vertical2,vt_only_lane,vt_straight"
588,14,13,13,0,1,7,0,0,3,3,0,0,3,3,4,17.608,24.3,"hot12,hot16,hot20,hot8,set1_bonus,vertical1,vt_only_lane,vt_straight"
188,24,18,18,0,2,8,0,0,4,4,0,0,3,3,5,17.594,24.3,"hot12,hot16,hot20,hot8,set1_bonus,straight_lane,vertical1,vertical2,vt_only_lane,vt_straight"
488,45,20,20,0,1,10,0,0,4,4,0,0,3,3,4,17.53,24.3,"hot12,hot16,hot20,hot8,set1_bonus,straight_lane,vertical1,vt_only_lane,vt_straight"
889,45,21,21,0,1,10,0,0,4,4,0,0,3,3,5,17.471,24.3,"hot12,hot16,hot20,hot8,set1_bonus,straight_lane,vertical1,vt_only_lane,vt_straight"
067,123,14,14,1,1,11,0,3,4,2,0,0,2,3,6,17.407,24.3,"funnel_precol1,hot12,hot16,hot20,hot8,ls2_lane,ls_col_42,set1_bonus,straight_lane,superhot_set1,vertical1,vt_only_lane,vt_straight"
288,34,12,12,0,1,6,0,0,2,2,0,0,3,3,3,17.333,24.3,"hot12,hot16,hot20,set1_bonus,straight_lane,vertical1,vt_only_lane,vt_straight"
337,34,12,12,0,1,6,0,0,2,2,0,0,3,3,3,17.05,24.3,"hot12,hot16,hot20,set1_bonus,vertical1,vt_only_lane,vt_straight"
388,44,4,4,0,1,3,0,0,1,1,0,0,2,2,3,16.925,24.3,"hot16,hot20,hot8,set1_bonus,vertical1,vt_only_lane,vt_straight"
088,14,15,15,0,3,7,0,0,2,2,0,0,3,3,5,16.797,24.3,"hot12,hot16,hot20,hot8,set1_bonus,straight_lane,vertical1,vertical2,vertical3,vt_only_lane,vt_straight"
447,35,40,40,10,3,37,0,8,6,2,0,0,3,3,6,16.796,24.3,"funnel_precol1,hot12,hot16,hot20,hot4,hot8,ls2_lane,ls_col_42,set1_bonus,straight_lane,superhot_set1,vertical1,vertical2,vertical3,vt_only_lane,vt_straight"
335,14,15,15,0,1,7,0,1,2,2,0,0,3,3,5,16.703,24.3,"funnel_precol1,hot12,hot16,hot20,hot8,set1_bonus,straight_lane,vertical1,vt_only_lane,vt_straight"
125,123,14,14,1,1,11,0,2,4,4,0,0,2,3,6,16.379,24.3,"funnel_precol1,hot12,hot16,hot20,hot8,ls2_lane,ls_col_42,set1_bonus,superhot_set1,vertical1,vt_only_lane,vt_straight"
037,134,25,25,5,3,22,0,4,4,2,0,0,3,3,6,16.03,24.3,"funnel_precol1,hot12,hot16,hot20,hot8,ls2_lane,ls_col_42,set1_bonus,straight_lane,superhot_set1,vertical1,vertical2,vertical3,vt_only_lane,vt_straight"
355,14,27,27,1,1,24,0,0,2,2,0,0,3,3,6,15.92,24.3,"hot12,hot16,hot20,hot8,set1_bonus,superhot_set1,vertical1,vt_only_lane,vt_straight"
128,234,22,22,6,2,17,3,3,9,9,0,0,2,3,7,15.486,24.3,"col1,funnel_precol1,hot12,hot16,hot20,hot4,hot8,ls2_lane,ls_col_42,set1_bonus,superhot_set1,vertical1,vertical2,vt_only_lane,vt_straight"
123,234,12,12,4,2,9,2,1,6,6,0,0,3,3,6,15.238,24.3,"col1,funnel_precol1,hot16,hot20,hot4,hot8,ls2_lane,ls_col_42,set1_bonus,superhot_set1,vertical1,vertical2,vt_only_lane,vt_straight"
238,344,12,12,4,2,9,2,2,3,3,0,0,3,3,6,15.125,24.3,"col1,funnel_precol1,hot16,hot20,hot4,hot8,ls2_lane,ls_col_42,set1_bonus,straight_lane,superhot_set1,vertical1,vertical2,vt_only_lane,vt_straight"
378,344,12,12,4,2,9,2,0,3,3,0,0,3,3,6,14.517,24.3,"col1,hot16,hot20,hot4,hot8,ls2_lane,ls_col_42,set1_bonus,straight_lane,superhot_set1,vertical1,vertical2,vt_only_lane,vt_straight"
038,144,16,16,3,2,13,0,4,2,2,0,0,3,3,7,14.481,24.3,"funnel_precol1,hot12,hot16,hot20,hot4,hot8,ls2_lane,ls_col_42,set1_bonus,straight_lane,superhot_set1,vertical1,vertical2,vt_only_lane,vt_straight"
118,24,24,24,10,2,19,3,1,7,6,0,0,3,3,7,14.35,24.3,"col1,funnel_precol1,hot12,hot16,hot20,hot4,hot8,ls2_lane,ls_col_42,set1_bonus,straight_lane,superhot_set1,vertical1,vertical2,vt_only_lane,vt_straight"
448,45,19,19,5,1,14,1,1,4,4,0,0,3,3,7,13.85,24.3,"col1,funnel_precol1,hot16,hot20,hot4,hot8,ls2_lane,ls_col_42,set1_bonus,superhot_set1,vertical1,vt_only_lane,vt_straight"
138,244,15,15,8,3,15,2,3,4,1,0,0,2,1,7,13.563,24.3,"col1,funnel_precol1,hot12,hot16,hot20,hot4,hot8,ls2_lane,ls_col_42,set1_bonus,straight_lane,superhot_set1,vertical1,vertical2,vertical3,vt_only_lane,vt_straight"
358,144,16,16,3,1,13,0,1,2,2,0,0,3,3,7,12.994,24.3,"funnel_precol1,hot12,hot16,hot20,hot4,hot8,ls_col_42,set1_bonus,superhot_set1,vertical1,vt_only_lane,vt_straight"
224,35,20,20,0,3,9,0,3,0,0,0,0,3,3,5,19.122,24.15,"funnel_precol1,hot12,hot16,hot20,hot8,ls2_lane,ls_col_42,set1_bonus,straight_lane,vertical3"
168,224,19,19,6,3,15,3,4,9,2,0,0,3,3,7,16.768,24.15,"col1,funnel_precol1,hot12,hot16,hot20,hot4,hot8,ls2_lane,ls_col_42,set1_bonus,straight_lane,superhot_set1,vertical1,vertical2,vertical3,vt_only_lane,vt_straight"
249,355,37,37,6,3,22,1,6,5,1,0,0,3,3,7,16.491,24.15,"col1,funnel_precol1,hot12,hot16,hot20,hot4,hot8,ls2_lane,ls_col_42,set1_bonus,straight_lane,superhot_set1,vertical1,vertical2,vertical3,vt_only_lane,vt_straight"
457,135,53,53,8,3,33,1,4,8,8,0,0,3,3,7,16.778,24.1,"col1,funnel_precol1,hot12,hot16,hot20,hot4,hot8,ls2_lane,ls_col_42,set1_bonus,superhot_set1,vertical1,vertical2,vertical3,vt_only_lane,vt_straight"
122,23,9,9,0,2,2,0,0,3,1,0,2,3,3,5,17.694,23.95,"hot16,hot8,literal_draw,set1_bonus,straight_lane,vertical1,vertical2,vt_only_lane,vt_straight"
578,134,11,11,4,2,9,2,1,4,3,0,1,3,2,7,13.414,23.65,"col1,funnel_precol1,hot12,hot16,hot4,hot8,literal_draw,ls2_lane,ls_col_42,set1_bonus,straight_lane,superhot_set1,vertical1,vertical2,vt_only_lane,vt_straight"
024,135,44,44,7,3,25,2,7,9,6,0,0,3,3,7,16.974,23.55,"col1,funnel_precol1,hot12,hot16,hot20,hot4,hot8,ls2_lane,ls_col_42,set1_bonus,straight_lane,superhot_set1,vertical1,vertical2,vertical3,vt_only_lane,vt_straight"
248,345,21,21,5,4,15,2,2,4,3,0,0,3,3,7,16.529,23.55,"col1,funnel_precol1,hot12,hot16,hot20,hot4,hot8,ls2_lane,ls_col_42,set1_bonus,straight_lane,superhot_set1,vertical1,vertical2,vertical4,vt_only_lane,vt_straight"
077,13,25,25,0,3,15,0,1,2,0,0,0,3,3,5,16.406,23.55,"funnel_precol1,hot12,hot16,hot20,hot8,ls2_lane,set1_bonus,straight_lane,vertical2,vertical3,vt_straight"
017,123,16,16,4,3,14,0,4,4,1,0,0,3,3,6,16.356,23.55,"funnel_precol1,hot12,hot16,hot20,hot4,hot8,ls2_lane,ls_col_42,set1_bonus,straight_lane,superhot_set1,vertical1,vertical2,vertical3,vt_only_lane,vt_straight"
014,125,47,47,13,2,32,3,4,9,5,0,0,3,3,7,16.328,23.55,"col1,funnel_precol1,hot12,hot16,hot20,hot4,hot8,ls2_lane,ls_col_42,set1_bonus,straight_lane,superhot_set1,vertical1,vertical2,vt_only_lane,vt_straight"
114,25,35,35,14,2,25,3,2,8,8,0,0,3,3,7,15.696,23.55,"col1,funnel_precol1,hot12,hot16,hot20,hot4,hot8,ls2_lane,ls_col_42,set1_bonus,straight_lane,superhot_set1,vertical1,vertical2,vt_only_lane,vt_straight"
468,245,26,26,10,3,20,3,2,9,5,0,0,3,3,7,15.171,23.55,"col1,funnel_precol1,hot12,hot16,hot20,hot4,hot8,ls2_lane,ls_col_42,set1_bonus,straight_lane,superhot_set1,vertical1,vertical2,vertical3,vt_only_lane,vt_straight"
268,234,16,16,5,2,13,2,1,5,5,0,0,3,3,7,14.866,23.55,"col1,funnel_precol1,hot12,hot16,hot20,hot4,hot8,ls2_lane,ls_col_42,set1_bonus,straight_lane,superhot_set1,vertical1,vertical2,vt_only_lane,vt_straight"
689,245,28,28,10,3,22,3,2,9,5,0,0,3,3,7,14.77,23.55,"col1,funnel_precol1,hot12,hot16,hot20,hot4,hot8,ls2_lane,ls_col_42,set1_bonus,straight_lane,superhot_set1,vertical1,vertical2,vertical3,vt_only_lane,vt_straight"
567,123,19,19,3,2,11,1,3,5,4,0,0,3,3,7,17.45,23.4,"col1,funnel_precol1,hot12,hot16,hot20,hot4,hot8,ls2_lane,ls_col_42,set1_bonus,straight_lane,superhot_set1,vertical1,vertical2,vt_only_lane,vt_straight"
012,123,19,19,3,1,11,1,3,5,5,0,0,3,3,7,17.313,23.4,"col1,funnel_precol1,hot12,hot16,hot20,hot4,hot8,ls2_lane,ls_col_42,set1_bonus,superhot_set1,vertical1,vt_only_lane,vt_straight"
357,134,25,25,9,3,20,2,5,8,7,0,0,3,3,7,16.182,23.4,"col1,funnel_precol1,hot12,hot16,hot20,hot4,hot8,ls2_lane,ls_col_42,set1_bonus,straight_lane,superhot_set1,vertical1,vertical2,vertical3,vt_only_lane,vt_straight"
478,345,26,26,5,3,19,2,1,6,4,0,1,3,3,7,14.465,23.35,"col1,funnel_precol1,hot12,hot16,hot20,hot4,hot8,literal_draw,ls2_lane,ls_col_42,set1_bonus,straight_lane,superhot_set1,vertical1,vertical2,vertical3,vt_only_lane,vt_straight"
129,235,18,18,3,2,11,1,2,5,5,0,0,3,3,7,16.486,23.1,"col1,funnel_precol1,hot12,hot16,hot20,hot4,hot8,ls2_lane,ls_col_42,set1_bonus,straight_lane,superhot_set1,vertical1,vertical2,vt_only_lane,vt_straight"
467,235,18,18,3,2,11,1,2,5,5,0,0,3,3,7,16.081,23.1,"col1,funnel_precol1,hot12,hot16,hot20,hot4,hot8,ls2_lane,ls_col_42,set1_bonus,superhot_set1,vertical1,vertical2,vt_only_lane,vt_straight"
226,23,9,9,0,2,7,0,0,1,1,0,0,3,2,3,19.178,22.95,"hot16,hot20,hot8,set1_bonus,straight_lane,vertical1,vertical2,vt_only_lane,vt_straight"
225,13,25,25,0,2,15,0,4,2,2,0,0,3,3,5,17.542,22.95,"funnel_precol1,hot12,hot16,hot20,hot8,ls2_lane,ls_col_42,set1_bonus,straight_lane,vertical1,vertical2,vt_only_lane,vt_straight"
228,34,14,14,0,1,13,0,2,0,0,0,0,2,2,5,16.768,22.95,"funnel_precol1,hot12,hot16,hot20,hot8,ls2_lane,ls_col_42,set1_bonus,straight_lane,vertical1"
477,35,37,37,0,3,19,0,1,2,0,0,0,3,3,7,16.728,22.95,"funnel_precol1,hot12,hot16,hot20,hot8,ls2_lane,set1_bonus,straight_lane,vertical1,vertical2,vertical3,vt_straight"
778,34,13,13,0,2,7,0,0,1,1,0,0,3,3,4,15.523,22.95,"hot16,hot20,hot8,set1_bonus,straight_lane,vertical1,vertical2,vt_only_lane,vt_straight"
469,255,22,22,6,2,17,3,4,9,9,0,0,3,3,7,16.632,22.35,"col1,funnel_precol1,hot12,hot16,hot20,hot4,hot8,ls2_lane,ls_col_42,set1_bonus,straight_lane,superhot_set1,vertical1,vertical2,vt_only_lane,vt_straight"
146,225,8,8,2,2,8,1,1,5,5,0,0,3,1,7,16.981,21.85,"col1,funnel_precol1,hot16,hot20,hot4,hot8,ls2_lane,ls_col_42,set1_bonus,superhot_set1,vertical1,vertical2,vt_only_lane,vt_straight"
169,225,8,8,2,2,8,1,1,5,5,0,0,3,1,7,16.981,21.85,"col1,funnel_precol1,hot16,hot20,hot4,hot8,ls2_lane,ls_col_42,set1_bonus,superhot_set1,vertical1,vertical2,vt_only_lane,vt_straight"
147,235,18,18,5,2,14,2,4,7,2,0,0,3,3,6,16.856,21.85,"col1,funnel_precol1,hot12,hot16,hot20,hot4,hot8,ls2_lane,ls_col_42,set1_bonus,straight_lane,superhot_set1,vertical1,vertical2,vt_only_lane,vt_straight"
246,235,21,21,6,2,17,2,5,7,5,0,0,3,3,7,16.438,21.85,"col1,funnel_precol1,hot12,hot16,hot20,hot4,hot8,ls2_lane,ls_col_42,set1_bonus,straight_lane,superhot_set1,vertical1,vertical2,vt_only_lane,vt_straight"
149,255,22,22,6,3,17,3,2,9,5,0,0,3,3,7,16.386,21.85,"col1,funnel_precol1,hot12,hot16,hot20,hot4,hot8,ls2_lane,ls_col_42,set1_bonus,straight_lane,superhot_set1,vertical1,vertical2,vertical3,vt_only_lane,vt_straight"
379,345,21,21,5,3,15,2,1,4,4,0,0,3,3,7,16.281,21.85,"col1,funnel_precol1,hot12,hot16,hot20,hot4,hot8,ls2_lane,ls_col_42,set1_bonus,straight_lane,superhot_set1,vertical1,vertical2,vertical3,vt_only_lane,vt_straight"
579,135,44,44,7,3,25,2,3,9,6,0,0,3,3,7,16.012,21.85,"col1,funnel_precol1,hot12,hot16,hot20,hot4,hot8,ls2_lane,ls_col_42,set1_bonus,straight_lane,superhot_set1,vertical1,vertical2,vertical3,vt_only_lane,vt_straight"
269,235,18,18,5,2,14,2,2,7,7,0,0,3,3,6,15.994,21.85,"col1,funnel_precol1,hot12,hot16,hot20,hot4,hot8,ls2_lane,ls_col_42,set1_bonus,superhot_set1,vertical1,vertical2,vt_only_lane,vt_straight"
136,224,19,19,6,2,15,3,3,9,8,0,0,3,3,7,15.926,21.85,"col1,funnel_precol1,hot12,hot16,hot20,hot4,hot8,ls2_lane,ls_col_42,set1_bonus,straight_lane,superhot_set1,vertical1,vertical2,vt_only_lane,vt_straight"
116,22,15,15,6,2,11,3,2,8,8,0,0,3,3,6,15.823,21.85,"col1,funnel_precol1,hot12,hot16,hot20,hot4,hot8,ls2_lane,ls_col_42,set1_bonus,straight_lane,superhot_set1,vertical1,vertical2,vt_only_lane,vt_straight"
016,122,17,17,6,2,13,3,2,9,9,0,0,3,3,7,15.818,21.85,"col1,funnel_precol1,hot12,hot16,hot20,hot4,hot8,ls2_lane,ls_col_42,set1_bonus,superhot_set1,vertical1,vertical2,vt_only_lane,vt_straight"
156,122,17,17,6,2,13,3,2,9,9,0,0,3,3,7,15.818,21.85,"col1,funnel_precol1,hot12,hot16,hot20,hot4,hot8,ls2_lane,ls_col_42,set1_bonus,superhot_set1,vertical1,vertical2,vt_only_lane,vt_straight"
179,235,21,21,6,3,17,2,3,7,4,0,0,3,3,7,15.719,21.85,"col1,funnel_precol1,hot12,hot16,hot20,hot4,hot8,ls2_lane,ls_col_42,set1_bonus,straight_lane,superhot_set1,vertical1,vertical2,vertical3,vt_only_lane,vt_straight"
047,135,38,38,7,4,26,0,2,4,3,0,0,3,3,6,15.643,21.85,"funnel_precol1,hot12,hot16,hot20,hot4,hot8,ls_col_42,set1_bonus,straight_lane,superhot_set1,vertical1,vertical2,vertical3,vertical4,vt_only_lane,vt_straight"
479,355,37,37,6,3,22,1,2,5,5,0,0,3,3,7,15.447,21.85,"col1,funnel_precol1,hot12,hot16,hot20,hot4,hot8,ls2_lane,ls_col_42,set1_bonus,superhot_set1,vertical1,vertical2,vertical3,vt_only_lane,vt_straight"
256,123,16,16,4,2,14,0,2,4,4,0,0,3,3,6,15.338,21.85,"funnel_precol1,hot12,hot16,hot20,hot4,hot8,ls_col_42,set1_bonus,superhot_set1,vertical1,vertical2,vt_only_lane,vt_straight"
139,245,26,26,10,2,20,3,2,9,7,0,0,3,3,7,15.233,21.85,"col1,funnel_precol1,hot12,hot16,hot20,hot4,hot8,ls2_lane,ls_col_42,set1_bonus,straight_lane,superhot_set1,vertical1,vertical2,vt_only_lane,vt_straight"
699,25,19,19,7,2,13,3,4,5,3,0,0,3,3,7,15.171,21.85,"col1,funnel_precol1,hot16,hot20,hot4,hot8,ls2_lane,ls_col_42,set1_bonus,straight_lane,superhot_set1,vertical1,vertical2,vt_only_lane,vt_straight"
134,245,28,28,10,3,22,3,3,9,6,0,0,3,3,7,14.873,21.85,"col1,funnel_precol1,hot12,hot16,hot20,hot4,hot8,ls2_lane,ls_col_42,set1_bonus,straight_lane,superhot_set1,vertical1,vertical2,vertical3,vt_only_lane,vt_straight"
144,25,19,19,7,1,13,2,2,5,5,0,0,3,3,7,14.639,21.85,"col1,funnel_precol1,hot16,hot20,hot4,hot8,ls2_lane,ls_col_42,set1_bonus,straight_lane,superhot_set1,vertical1,vt_only_lane,vt_straight"
137,234,16,16,5,2,13,2,1,5,5,0,0,3,3,7,14.547,21.85,"col1,funnel_precol1,hot12,hot16,hot20,hot4,hot8,ls2_lane,ls_col_42,set1_bonus,superhot_set1,vertical1,vertical2,vt_only_lane,vt_straight"
117,23,9,9,3,3,8,0,1,2,1,0,0,3,2,6,13.328,21.8,"funnel_precol1,hot12,hot16,hot4,hot8,ls_col_42,set1_bonus,straight_lane,superhot_set1,vertical1,vertical3,vt_only_lane,vt_straight"
239,345,26,26,5,2,19,2,6,5,4,0,0,3,3,7,15.39,21.55,"col1,funnel_precol1,hot12,hot16,hot20,hot4,hot8,ls2_lane,ls_col_42,set1_bonus,straight_lane,superhot_set1,vertical1,vertical2,vt_only_lane,vt_straight"
234,345,21,21,4,2,14,2,3,3,2,0,0,3,3,7,14.826,21.55,"col1,funnel_precol1,hot12,hot16,hot20,hot4,hot8,ls2_lane,ls_col_42,set1_bonus,straight_lane,superhot_set1,vertical1,vertical2,vt_only_lane,vt_straight"
026,123,12,12,4,2,9,2,1,5,5,0,0,2,3,6,14.633,21.55,"col1,funnel_precol1,hot12,hot16,hot20,hot4,hot8,ls2_lane,ls_col_42,set1_bonus,superhot_set1,vertical1,vertical2,vt_only_lane,vt_straight"
236,234,17,17,5,2,15,2,1,5,4,0,0,3,2,7,14.297,21.55,"col1,funnel_precol1,hot12,hot16,hot20,hot4,hot8,ls2_lane,ls_col_42,set1_bonus,straight_lane,superhot_set1,vertical1,vertical2,vt_only_lane,vt_straight"
789,345,21,21,4,2,14,2,0,3,3,0,0,3,3,7,13.54,21.55,"col1,hot12,hot16,hot20,hot4,hot8,ls2_lane,ls_col_42,set1_bonus,superhot_set1,vertical1,vertical2,vt_only_lane,vt_straight"
223,34,13,13,0,2,7,0,2,1,1,0,0,3,3,4,16.877,21.25,"funnel_precol1,hot16,hot20,hot8,ls2_lane,ls_col_42,set1_bonus,straight_lane,vertical1,vertical2,vt_only_lane,vt_straight"
557,13,25,25,1,1,17,0,1,1,1,0,0,2,3,6,16.262,21.25,"funnel_precol1,hot12,hot16,hot20,hot4,hot8,ls_col_42,set1_bonus,straight_lane,superhot_set1,vertical1,vt_only_lane,vt_straight"
577,13,29,29,0,2,18,0,0,1,1,0,0,3,3,7,16.202,21.25,"hot12,hot16,hot20,hot8,set1_bonus,vertical2,vt_only_lane,vt_straight"
779,35,20,20,0,0,9,0,0,0,0,0,0,3,3,5,15.762,21.25,"hot12,hot16,hot20,hot8,set1_bonus"
377,34,14,14,0,0,13,0,0,0,0,0,0,2,2,5,15.446,21.25,"hot12,hot16,hot20,hot8,set1_bonus"
568,124,20,20,7,2,16,4,4,6,6,0,0,3,3,7,14.872,21.2,"col1,funnel_precol1,hot12,hot16,hot4,hot8,ls2_lane,ls_col_42,set1_bonus,straight_lane,superhot_set1,vertical1,vertical2,vt_only_lane,vt_straight"
013,124,20,20,7,2,16,2,3,6,4,0,0,3,3,7,14.478,21.2,"col1,funnel_precol1,hot12,hot16,hot4,hot8,ls2_lane,ls_col_42,set1_bonus,straight_lane,superhot_set1,vertical1,vertical2,vt_only_lane,vt_straight"
688,24,5,5,0,4,1,0,0,1,1,0,0,2,3,2,17.8,21.05,"hot16,set1_bonus,straight_lane,vertical1,vertical4,vt_only_lane,vt_straight"
677,23,7,7,0,2,2,0,1,1,0,0,0,3,3,5,16.379,20.9,"funnel_precol1,hot16,hot8,ls2_lane,set1_bonus,straight_lane,vertical1,vertical2,vt_straight"
266,23,9,9,3,2,8,0,4,2,1,0,0,3,2,6,15.261,20.9,"funnel_precol1,hot12,hot16,hot4,hot8,ls2_lane,ls_col_42,set1_bonus,straight_lane,superhot_set1,vertical1,vertical2,vt_only_lane,vt_straight"
167,223,11,11,4,2,8,2,2,6,4,0,0,2,3,6,14.664,20.9,"col1,funnel_precol1,hot16,hot4,hot8,ls2_lane,ls_col_42,set1_bonus,straight_lane,superhot_set1,vertical1,vertical2,vt_only_lane,vt_straight"
126,223,11,11,4,2,8,2,1,6,6,0,0,2,3,6,13.936,20.9,"col1,funnel_precol1,hot16,hot4,hot8,ls2_lane,ls_col_42,set1_bonus,superhot_set1,vertical1,vertical2,vt_only_lane,vt_straight"
133,24,5,5,0,2,1,0,0,1,0,0,0,2,3,2,18.3,19.95,"hot16,set1_bonus,straight_lane,vertical1,vertical2,vt_straight"
124,235,12,12,2,1,3,0,2,2,2,0,0,3,3,5,16.129,19.35,"funnel_precol1,hot12,hot16,hot4,ls_col_42,set1_bonus,straight_lane,superhot_set1,vertical1,vt_only_lane,vt_straight"
679,235,12,12,2,1,3,0,1,2,2,0,0,3,3,5,15.629,19.35,"funnel_precol1,hot12,hot16,hot4,ls_col_42,set1_bonus,superhot_set1,vertical1,vt_only_lane,vt_straight"
244,35,13,13,2,3,6,1,1,2,1,0,0,3,3,7,16.3,19.2,"col1,funnel_precol1,hot12,hot16,hot4,hot8,ls2_lane,ls_col_42,set1_bonus,straight_lane,superhot_set1,vertical1,vertical3,vt_only_lane,vt_straight"
027,133,3,3,0,1,1,0,0,1,1,0,0,2,3,3,16.0,18.75,"hot12,hot16,set1_bonus,vertical1,vt_only_lane,vt_straight"
257,133,3,3,0,1,1,0,0,1,1,0,0,2,3,3,16.0,18.75,"hot12,hot16,set1_bonus,vertical1,vt_only_lane,vt_straight"
233,34,6,6,0,2,3,0,0,0,0,0,0,3,2,3,15.558,18.3,"hot12,hot16,hot8,ls_col_42,set1_bonus,straight_lane,vertical1,vertical2"
799,35,13,13,2,1,6,1,0,2,2,0,0,3,3,7,13.923,16.3,"col1,hot12,hot16,hot4,hot8,ls2_lane,ls_col_42,set1_bonus,superhot_set1,vertical1,vt_only_lane,vt_straight"
788,34,6,6,0,2,3,0,0,0,0,0,0,3,2,3,14.342,16.0,"hot12,hot16,hot8,set1_bonus,straight_lane,vertical2"
